ingredient_id,nutrient_id,amount,fdc_id,data_source,created_at
8377a963-eb2c-4b5e-8f3d-71cdf0041ff1,1008,884.0,167702.0,usda,2026-02-04T04:40:40.267768
8377a963-eb2c-4b5e-8f3d-71cdf0041ff1,1005,0.0,167702.0,usda,2026-02-04T04:40:40.267768
8377a963-eb2c-4b5e-8f3d-71cdf0041ff1,1079,0.0,167702.0,usda,2026-02-04T04:40:40.267768
8377a963-eb2c-4b5e-8f3d-71cdf0041ff1,1003,0.11,167702.0,usda,2026-02-04T04:40:40.267768
8377a963-eb2c-4b5e-8f3d-71cdf0041ff1,1220,0.0,,usda,2026-02-04T04:40:40.267768
8377a963-eb2c-4b5e-8f3d-71cdf0041ff1,1221,0.0,,usda,2026-02-04T04:40:40.267768
8377a963-eb2c-4b5e-8f3d-71cdf0041ff1,1212,0.0,,usda,2026-02-04T04:40:40.267768
8377a963-eb2c-4b5e-8f3d-71cdf0041ff1,1213,0.0,,usda,2026-02-04T04:40:40.267768
8377a963-eb2c-4b5e-8f3d-71cdf0041ff1,1214,0.0,,usda,2026-02-04T04:40:40.267768
8377a963-eb2c-4b5e-8f3d-71cdf0041ff1,1215,0.0,,usda,2026-02-04T04:40:40.267768
8377a963-eb2c-4b5e-8f3d-71cdf0041ff1,1216,0.0,,usda,2026-02-04T04:40:40.267768
8377a963-eb2c-4b5e-8f3d-71cdf0041ff1,1217,0.0,,usda,2026-02-04T04:40:40.267768
8377a963-eb2c-4b5e-8f3d-71cdf0041ff1,1218,0.0,,usda,2026-02-04T04:40:40.267768
8377a963-eb2c-4b5e-8f3d-71cdf0041ff1,1211,0.0,,usda,2026-02-04T04:40:40.267768
8377a963-eb2c-4b5e-8f3d-71cdf0041ff1,1210,0.0,,usda,2026-02-04T04:40:40.267768
8377a963-eb2c-4b5e-8f3d-71cdf0041ff1,1219,0.0,,usda,2026-02-04T04:40:40.267768
8377a963-eb2c-4b5e-8f3d-71cdf0041ff1,1004,99.98,167702.0,usda,2026-02-04T04:40:40.267768
8377a963-eb2c-4b5e-8f3d-71cdf0041ff1,1269,14.327,167702.0,usda,2026-02-04T04:40:40.267768
8377a963-eb2c-4b5e-8f3d-71cdf0041ff1,1404,53.368,167702.0,usda,2026-02-04T04:40:40.267768
8377a963-eb2c-4b5e-8f3d-71cdf0041ff1,1271,0.0,167702.0,usda,2026-02-04T04:40:40.267768
8377a963-eb2c-4b5e-8f3d-71cdf0041ff1,1272,0.0,167702.0,usda,2026-02-04T04:40:40.267768
8377a963-eb2c-4b5e-8f3d-71cdf0041ff1,1278,0.0,167702.0,usda,2026-02-04T04:40:40.267768
8377a963-eb2c-4b5e-8f3d-71cdf0041ff1,1087,1.0,167702.0,usda,2026-02-04T04:40:40.267768
8377a963-eb2c-4b5e-8f3d-71cdf0041ff1,1091,1.0,167702.0,usda,2026-02-04T04:40:40.267768
8377a963-eb2c-4b5e-8f3d-71cdf0041ff1,1092,0.0,167702.0,usda,2026-02-04T04:40:40.267768
8377a963-eb2c-4b5e-8f3d-71cdf0041ff1,1093,0.0,167702.0,usda,2026-02-04T04:40:40.267768
8377a963-eb2c-4b5e-8f3d-71cdf0041ff1,1088,0.0,,usda,2026-02-04T04:40:40.267768
8377a963-eb2c-4b5e-8f3d-71cdf0041ff1,1090,0.0,167702.0,usda,2026-02-04T04:40:40.267768
8377a963-eb2c-4b5e-8f3d-71cdf0041ff1,1089,0.0,167702.0,usda,2026-02-04T04:40:40.267768
8377a963-eb2c-4b5e-8f3d-71cdf0041ff1,1098,0.0,167702.0,usda,2026-02-04T04:40:40.267768
8377a963-eb2c-4b5e-8f3d-71cdf0041ff1,1101,0.0,167702.0,usda,2026-02-04T04:40:40.267768
8377a963-eb2c-4b5e-8f3d-71cdf0041ff1,1095,0.07,167702.0,usda,2026-02-04T04:40:40.267768
8377a963-eb2c-4b5e-8f3d-71cdf0041ff1,1100,0.0,,usda,2026-02-04T04:40:40.267768
8377a963-eb2c-4b5e-8f3d-71cdf0041ff1,1103,0.0,167702.0,usda,2026-02-04T04:40:40.267768
8377a963-eb2c-4b5e-8f3d-71cdf0041ff1,1104,0.0,167702.0,usda,2026-02-04T04:40:40.267768
8377a963-eb2c-4b5e-8f3d-71cdf0041ff1,1110,0.0,167702.0,usda,2026-02-04T04:40:40.267768
8377a963-eb2c-4b5e-8f3d-71cdf0041ff1,1109,0.47,167702.0,usda,2026-02-04T04:40:40.267768
8377a963-eb2c-4b5e-8f3d-71cdf0041ff1,1165,0.0,167702.0,usda,2026-02-04T04:40:40.267768
8377a963-eb2c-4b5e-8f3d-71cdf0041ff1,1166,0.0,167702.0,usda,2026-02-04T04:40:40.267768
8377a963-eb2c-4b5e-8f3d-71cdf0041ff1,1170,0.0,,usda,2026-02-04T04:40:40.267768
8377a963-eb2c-4b5e-8f3d-71cdf0041ff1,1167,0.0,167702.0,usda,2026-02-04T04:40:40.267768
8377a963-eb2c-4b5e-8f3d-71cdf0041ff1,1175,0.0,167702.0,usda,2026-02-04T04:40:40.267768
8377a963-eb2c-4b5e-8f3d-71cdf0041ff1,1186,0.0,167702.0,usda,2026-02-04T04:40:40.267768
8377a963-eb2c-4b5e-8f3d-71cdf0041ff1,1178,0.0,167702.0,usda,2026-02-04T04:40:40.267768
8377a963-eb2c-4b5e-8f3d-71cdf0041ff1,1180,0.2,167702.0,usda,2026-02-04T04:40:40.267768
29cb2618-d853-46dc-9f79-d9b0346de23c,1008,35.0,168568.0,usda,2026-02-04T04:40:40.267768
29cb2618-d853-46dc-9f79-d9b0346de23c,1005,8.24,168568.0,usda,2026-02-04T04:40:40.267768
29cb2618-d853-46dc-9f79-d9b0346de23c,1079,2.9,168568.0,usda,2026-02-04T04:40:40.267768
29cb2618-d853-46dc-9f79-d9b0346de23c,1003,0.64,168568.0,usda,2026-02-04T04:40:40.267768
29cb2618-d853-46dc-9f79-d9b0346de23c,1220,0.035,168568.0,usda,2026-02-04T04:40:40.267768
29cb2618-d853-46dc-9f79-d9b0346de23c,1221,0.013,168568.0,usda,2026-02-04T04:40:40.267768
29cb2618-d853-46dc-9f79-d9b0346de23c,1212,0.034,168568.0,usda,2026-02-04T04:40:40.267768
29cb2618-d853-46dc-9f79-d9b0346de23c,1213,0.035,168568.0,usda,2026-02-04T04:40:40.267768
29cb2618-d853-46dc-9f79-d9b0346de23c,1214,0.033,168568.0,usda,2026-02-04T04:40:40.267768
29cb2618-d853-46dc-9f79-d9b0346de23c,1215,0.006,168568.0,usda,2026-02-04T04:40:40.267768
29cb2618-d853-46dc-9f79-d9b0346de23c,1216,0.007,168568.0,usda,2026-02-04T04:40:40.267768
29cb2618-d853-46dc-9f79-d9b0346de23c,1217,0.026,168568.0,usda,2026-02-04T04:40:40.267768
29cb2618-d853-46dc-9f79-d9b0346de23c,1218,0.016,168568.0,usda,2026-02-04T04:40:40.267768
29cb2618-d853-46dc-9f79-d9b0346de23c,1211,0.031,168568.0,usda,2026-02-04T04:40:40.267768
29cb2618-d853-46dc-9f79-d9b0346de23c,1210,0.009,168568.0,usda,2026-02-04T04:40:40.267768
29cb2618-d853-46dc-9f79-d9b0346de23c,1219,0.036,168568.0,usda,2026-02-04T04:40:40.267768
29cb2618-d853-46dc-9f79-d9b0346de23c,1004,0.13,168568.0,usda,2026-02-04T04:40:40.267768
29cb2618-d853-46dc-9f79-d9b0346de23c,1269,0.057,168568.0,usda,2026-02-04T04:40:40.267768
29cb2618-d853-46dc-9f79-d9b0346de23c,1404,0.0,,usda,2026-02-04T04:40:40.267768
29cb2618-d853-46dc-9f79-d9b0346de23c,1271,0.0,,usda,2026-02-04T04:40:40.267768
29cb2618-d853-46dc-9f79-d9b0346de23c,1272,0.0,,usda,2026-02-04T04:40:40.267768
29cb2618-d853-46dc-9f79-d9b0346de23c,1278,0.0,,usda,2026-02-04T04:40:40.267768
29cb2618-d853-46dc-9f79-d9b0346de23c,1087,32.0,168568.0,usda,2026-02-04T04:40:40.267768
29cb2618-d853-46dc-9f79-d9b0346de23c,1091,28.0,168568.0,usda,2026-02-04T04:40:40.267768
29cb2618-d853-46dc-9f79-d9b0346de23c,1092,237.0,168568.0,usda,2026-02-04T04:40:40.267768
29cb2618-d853-46dc-9f79-d9b0346de23c,1093,78.0,168568.0,usda,2026-02-04T04:40:40.267768
29cb2618-d853-46dc-9f79-d9b0346de23c,1088,0.0,,usda,2026-02-04T04:40:40.267768
29cb2618-d853-46dc-9f79-d9b0346de23c,1090,10.0,168568.0,usda,2026-02-04T04:40:40.267768
29cb2618-d853-46dc-9f79-d9b0346de23c,1089,0.89,168568.0,usda,2026-02-04T04:40:40.267768
29cb2618-d853-46dc-9f79-d9b0346de23c,1098,0.1,168568.0,usda,2026-02-04T04:40:40.267768
29cb2618-d853-46dc-9f79-d9b0346de23c,1101,0.151,168568.0,usda,2026-02-04T04:40:40.267768
29cb2618-d853-46dc-9f79-d9b0346de23c,1095,0.17,168568.0,usda,2026-02-04T04:40:40.267768
29cb2618-d853-46dc-9f79-d9b0346de23c,1100,0.0,,usda,2026-02-04T04:40:40.267768
29cb2618-d853-46dc-9f79-d9b0346de23c,1103,0.9,168568.0,usda,2026-02-04T04:40:40.267768
29cb2618-d853-46dc-9f79-d9b0346de23c,1104,13790.0,168568.0,usda,2026-02-04T04:40:40.267768
29cb2618-d853-46dc-9f79-d9b0346de23c,1110,0.0,168568.0,usda,2026-02-04T04:40:40.267768
29cb2618-d853-46dc-9f79-d9b0346de23c,1109,0.0,,usda,2026-02-04T04:40:40.267768
29cb2618-d853-46dc-9f79-d9b0346de23c,1165,0.03,168568.0,usda,2026-02-04T04:40:40.267768
29cb2618-d853-46dc-9f79-d9b0346de23c,1166,0.036,168568.0,usda,2026-02-04T04:40:40.267768
29cb2618-d853-46dc-9f79-d9b0346de23c,1170,0.401,168568.0,usda,2026-02-04T04:40:40.267768
29cb2618-d853-46dc-9f79-d9b0346de23c,1167,0.556,168568.0,usda,2026-02-04T04:40:40.267768
29cb2618-d853-46dc-9f79-d9b0346de23c,1175,0.105,168568.0,usda,2026-02-04T04:40:40.267768
29cb2618-d853-46dc-9f79-d9b0346de23c,1186,0.0,168568.0,usda,2026-02-04T04:40:40.267768
29cb2618-d853-46dc-9f79-d9b0346de23c,1178,0.0,168568.0,usda,2026-02-04T04:40:40.267768
29cb2618-d853-46dc-9f79-d9b0346de23c,1180,7.5,168568.0,usda,2026-02-04T04:40:40.267768
9eb522a9-7f41-4267-9c8f-9d1151cff430,1008,191.0,168626.0,usda,2026-02-04T04:40:40.267768
9eb522a9-7f41-4267-9c8f-9d1151cff430,1005,5.13,168626.0,usda,2026-02-04T04:40:40.267768
9eb522a9-7f41-4267-9c8f-9d1151cff430,1079,0.0,168626.0,usda,2026-02-04T04:40:40.267768
9eb522a9-7f41-4267-9c8f-9d1151cff430,1003,29.08,168626.0,usda,2026-02-04T04:40:40.267768
9eb522a9-7f41-4267-9c8f-9d1151cff430,1220,1.735,168626.0,usda,2026-02-04T04:40:40.267768
9eb522a9-7f41-4267-9c8f-9d1151cff430,1221,0.879,168626.0,usda,2026-02-04T04:40:40.267768
9eb522a9-7f41-4267-9c8f-9d1151cff430,1212,1.352,168626.0,usda,2026-02-04T04:40:40.267768
9eb522a9-7f41-4267-9c8f-9d1151cff430,1213,2.67,168626.0,usda,2026-02-04T04:40:40.267768
9eb522a9-7f41-4267-9c8f-9d1151cff430,1214,2.247,168626.0,usda,2026-02-04T04:40:40.267768
9eb522a9-7f41-4267-9c8f-9d1151cff430,1215,0.759,168626.0,usda,2026-02-04T04:40:40.267768
9eb522a9-7f41-4267-9c8f-9d1151cff430,1216,0.526,168626.0,usda,2026-02-04T04:40:40.267768
9eb522a9-7f41-4267-9c8f-9d1151cff430,1217,1.515,168626.0,usda,2026-02-04T04:40:40.267768
9eb522a9-7f41-4267-9c8f-9d1151cff430,1218,1.128,168626.0,usda,2026-02-04T04:40:40.267768
9eb522a9-7f41-4267-9c8f-9d1151cff430,1211,1.215,168626.0,usda,2026-02-04T04:40:40.267768
9eb522a9-7f41-4267-9c8f-9d1151cff430,1210,0.368,168626.0,usda,2026-02-04T04:40:40.267768
9eb522a9-7f41-4267-9c8f-9d1151cff430,1219,1.761,168626.0,usda,2026-02-04T04:40:40.267768
9eb522a9-7f41-4267-9c8f-9d1151cff430,1004,5.26,168626.0,usda,2026-02-04T04:40:40.267768
9eb522a9-7f41-4267-9c8f-9d1151cff430,1269,0.0,168626.0,usda,2026-02-04T04:40:40.267768
9eb522a9-7f41-4267-9c8f-9d1151cff430,1404,0.017,168626.0,usda,2026-02-04T04:40:40.267768
9eb522a9-7f41-4267-9c8f-9d1151cff430,1271,0.397,168626.0,usda,2026-02-04T04:40:40.267768
9eb522a9-7f41-4267-9c8f-9d1151cff430,1272,0.0,168626.0,usda,2026-02-04T04:40:40.267768
9eb522a9-7f41-4267-9c8f-9d1151cff430,1278,0.0,168626.0,usda,2026-02-04T04:40:40.267768
9eb522a9-7f41-4267-9c8f-9d1151cff430,1087,6.0,168626.0,usda,2026-02-04T04:40:40.267768
9eb522a9-7f41-4267-9c8f-9d1151cff430,1091,497.0,168626.0,usda,2026-02-04T04:40:40.267768
9eb522a9-7f41-4267-9c8f-9d1151cff430,1092,352.0,168626.0,usda,2026-02-04T04:40:40.267768
9eb522a9-7f41-4267-9c8f-9d1151cff430,1093,79.0,168626.0,usda,2026-02-04T04:40:40.267768
9eb522a9-7f41-4267-9c8f-9d1151cff430,1088,0.0,,usda,2026-02-04T04:40:40.267768
9eb522a9-7f41-4267-9c8f-9d1151cff430,1090,21.0,168626.0,usda,2026-02-04T04:40:40.267768
9eb522a9-7f41-4267-9c8f-9d1151cff430,1089,6.54,168626.0,usda,2026-02-04T04:40:40.267768
9eb522a9-7f41-4267-9c8f-9d1151cff430,1098,14.283,168626.0,usda,2026-02-04T04:40:40.267768
9eb522a9-7f41-4267-9c8f-9d1151cff430,1101,0.356,168626.0,usda,2026-02-04T04:40:40.267768
9eb522a9-7f41-4267-9c8f-9d1151cff430,1095,5.3,168626.0,usda,2026-02-04T04:40:40.267768
9eb522a9-7f41-4267-9c8f-9d1151cff430,1100,0.0,,usda,2026-02-04T04:40:40.267768
9eb522a9-7f41-4267-9c8f-9d1151cff430,1103,36.1,168626.0,usda,2026-02-04T04:40:40.267768
9eb522a9-7f41-4267-9c8f-9d1151cff430,1104,31714.0,168626.0,usda,2026-02-04T04:40:40.267768
9eb522a9-7f41-4267-9c8f-9d1151cff430,1110,49.0,168626.0,usda,2026-02-04T04:40:40.267768
9eb522a9-7f41-4267-9c8f-9d1151cff430,1109,0.51,168626.0,usda,2026-02-04T04:40:40.267768
9eb522a9-7f41-4267-9c8f-9d1151cff430,1165,0.194,168626.0,usda,2026-02-04T04:40:40.267768
9eb522a9-7f41-4267-9c8f-9d1151cff430,1166,3.425,168626.0,usda,2026-02-04T04:40:40.267768
9eb522a9-7f41-4267-9c8f-9d1151cff430,1170,7.11,168626.0,usda,2026-02-04T04:40:40.267768
9eb522a9-7f41-4267-9c8f-9d1151cff430,1167,17.525,168626.0,usda,2026-02-04T04:40:40.267768
9eb522a9-7f41-4267-9c8f-9d1151cff430,1175,1.017,168626.0,usda,2026-02-04T04:40:40.267768
9eb522a9-7f41-4267-9c8f-9d1151cff430,1186,0.0,168626.0,usda,2026-02-04T04:40:40.267768
9eb522a9-7f41-4267-9c8f-9d1151cff430,1178,70.58,168626.0,usda,2026-02-04T04:40:40.267768
9eb522a9-7f41-4267-9c8f-9d1151cff430,1180,426.0,168626.0,usda,2026-02-04T04:40:40.267768
f4552a1c-3bb0-4f0a-8cc2-eb9fb284f6e9,1008,289.0,169192.0,usda,2026-02-04T04:40:40.267768
f4552a1c-3bb0-4f0a-8cc2-eb9fb284f6e9,1005,0.58,169192.0,usda,2026-02-04T04:40:40.267768
f4552a1c-3bb0-4f0a-8cc2-eb9fb284f6e9,1079,0.0,169192.0,usda,2026-02-04T04:40:40.267768
f4552a1c-3bb0-4f0a-8cc2-eb9fb284f6e9,1003,26.69,169192.0,usda,2026-02-04T04:40:40.267768
f4552a1c-3bb0-4f0a-8cc2-eb9fb284f6e9,1220,1.741,169192.0,usda,2026-02-04T04:40:40.267768
f4552a1c-3bb0-4f0a-8cc2-eb9fb284f6e9,1221,1.055,169192.0,usda,2026-02-04T04:40:40.267768
f4552a1c-3bb0-4f0a-8cc2-eb9fb284f6e9,1212,1.22,169192.0,usda,2026-02-04T04:40:40.267768
f4552a1c-3bb0-4f0a-8cc2-eb9fb284f6e9,1213,2.129,169192.0,usda,2026-02-04T04:40:40.267768
f4552a1c-3bb0-4f0a-8cc2-eb9fb284f6e9,1214,2.296,169192.0,usda,2026-02-04T04:40:40.267768
f4552a1c-3bb0-4f0a-8cc2-eb9fb284f6e9,1215,0.713,169192.0,usda,2026-02-04T04:40:40.267768
f4552a1c-3bb0-4f0a-8cc2-eb9fb284f6e9,1216,0.308,169192.0,usda,2026-02-04T04:40:40.267768
f4552a1c-3bb0-4f0a-8cc2-eb9fb284f6e9,1217,1.136,169192.0,usda,2026-02-04T04:40:40.267768
f4552a1c-3bb0-4f0a-8cc2-eb9fb284f6e9,1218,1.13,169192.0,usda,2026-02-04T04:40:40.267768
f4552a1c-3bb0-4f0a-8cc2-eb9fb284f6e9,1211,1.132,169192.0,usda,2026-02-04T04:40:40.267768
f4552a1c-3bb0-4f0a-8cc2-eb9fb284f6e9,1210,0.344,169192.0,usda,2026-02-04T04:40:40.267768
f4552a1c-3bb0-4f0a-8cc2-eb9fb284f6e9,1219,1.343,169192.0,usda,2026-02-04T04:40:40.267768
f4552a1c-3bb0-4f0a-8cc2-eb9fb284f6e9,1004,20.04,169192.0,usda,2026-02-04T04:40:40.267768
f4552a1c-3bb0-4f0a-8cc2-eb9fb284f6e9,1269,2.214,169192.0,usda,2026-02-04T04:40:40.267768
f4552a1c-3bb0-4f0a-8cc2-eb9fb284f6e9,1404,0.118,169192.0,usda,2026-02-04T04:40:40.267768
f4552a1c-3bb0-4f0a-8cc2-eb9fb284f6e9,1271,0.093,169192.0,usda,2026-02-04T04:40:40.267768
f4552a1c-3bb0-4f0a-8cc2-eb9fb284f6e9,1272,0.006,169192.0,usda,2026-02-04T04:40:40.267768
f4552a1c-3bb0-4f0a-8cc2-eb9fb284f6e9,1278,0.005,169192.0,usda,2026-02-04T04:40:40.267768
f4552a1c-3bb0-4f0a-8cc2-eb9fb284f6e9,1087,20.0,169192.0,usda,2026-02-04T04:40:40.267768
f4552a1c-3bb0-4f0a-8cc2-eb9fb284f6e9,1091,226.0,169192.0,usda,2026-02-04T04:40:40.267768
f4552a1c-3bb0-4f0a-8cc2-eb9fb284f6e9,1092,354.0,169192.0,usda,2026-02-04T04:40:40.267768
f4552a1c-3bb0-4f0a-8cc2-eb9fb284f6e9,1093,89.0,169192.0,usda,2026-02-04T04:40:40.267768
f4552a1c-3bb0-4f0a-8cc2-eb9fb284f6e9,1088,0.0,,usda,2026-02-04T04:40:40.267768
f4552a1c-3bb0-4f0a-8cc2-eb9fb284f6e9,1090,23.0,169192.0,usda,2026-02-04T04:40:40.267768
f4552a1c-3bb0-4f0a-8cc2-eb9fb284f6e9,1089,1.1,169192.0,usda,2026-02-04T04:40:40.267768
f4552a1c-3bb0-4f0a-8cc2-eb9fb284f6e9,1098,0.04,169192.0,usda,2026-02-04T04:40:40.267768
f4552a1c-3bb0-4f0a-8cc2-eb9fb284f6e9,1101,0.013,169192.0,usda,2026-02-04T04:40:40.267768
f4552a1c-3bb0-4f0a-8cc2-eb9fb284f6e9,1095,2.57,169192.0,usda,2026-02-04T04:40:40.267768
f4552a1c-3bb0-4f0a-8cc2-eb9fb284f6e9,1100,0.0,,usda,2026-02-04T04:40:40.267768
f4552a1c-3bb0-4f0a-8cc2-eb9fb284f6e9,1103,42.4,169192.0,usda,2026-02-04T04:40:40.267768
f4552a1c-3bb0-4f0a-8cc2-eb9fb284f6e9,1104,0.0,169192.0,usda,2026-02-04T04:40:40.267768
f4552a1c-3bb0-4f0a-8cc2-eb9fb284f6e9,1110,20.0,169192.0,usda,2026-02-04T04:40:40.267768
f4552a1c-3bb0-4f0a-8cc2-eb9fb284f6e9,1109,0.31,169192.0,usda,2026-02-04T04:40:40.267768
f4552a1c-3bb0-4f0a-8cc2-eb9fb284f6e9,1165,0.421,169192.0,usda,2026-02-04T04:40:40.267768
f4552a1c-3bb0-4f0a-8cc2-eb9fb284f6e9,1166,0.486,169192.0,usda,2026-02-04T04:40:40.267768
f4552a1c-3bb0-4f0a-8cc2-eb9fb284f6e9,1170,0.915,169192.0,usda,2026-02-04T04:40:40.267768
f4552a1c-3bb0-4f0a-8cc2-eb9fb284f6e9,1167,9.286,169192.0,usda,2026-02-04T04:40:40.267768
f4552a1c-3bb0-4f0a-8cc2-eb9fb284f6e9,1175,0.613,169192.0,usda,2026-02-04T04:40:40.267768
f4552a1c-3bb0-4f0a-8cc2-eb9fb284f6e9,1186,0.0,169192.0,usda,2026-02-04T04:40:40.267768
f4552a1c-3bb0-4f0a-8cc2-eb9fb284f6e9,1178,1.02,169192.0,usda,2026-02-04T04:40:40.267768
f4552a1c-3bb0-4f0a-8cc2-eb9fb284f6e9,1180,89.7,169192.0,usda,2026-02-04T04:40:40.267768
d33d7be1-6220-4aee-92c6-b39f3d075835,1008,158.0,169450.0,usda,2026-02-04T04:40:40.267768
d33d7be1-6220-4aee-92c6-b39f3d075835,1005,0.0,169450.0,usda,2026-02-04T04:40:40.267768
d33d7be1-6220-4aee-92c6-b39f3d075835,1079,0.0,169450.0,usda,2026-02-04T04:40:40.267768
d33d7be1-6220-4aee-92c6-b39f3d075835,1003,27.27,169450.0,usda,2026-02-04T04:40:40.267768
d33d7be1-6220-4aee-92c6-b39f3d075835,1220,0.0,,usda,2026-02-04T04:40:40.267768
d33d7be1-6220-4aee-92c6-b39f3d075835,1221,0.0,,usda,2026-02-04T04:40:40.267768
d33d7be1-6220-4aee-92c6-b39f3d075835,1212,0.0,,usda,2026-02-04T04:40:40.267768
d33d7be1-6220-4aee-92c6-b39f3d075835,1213,0.0,,usda,2026-02-04T04:40:40.267768
d33d7be1-6220-4aee-92c6-b39f3d075835,1214,0.0,,usda,2026-02-04T04:40:40.267768
d33d7be1-6220-4aee-92c6-b39f3d075835,1215,0.0,,usda,2026-02-04T04:40:40.267768
d33d7be1-6220-4aee-92c6-b39f3d075835,1216,0.0,,usda,2026-02-04T04:40:40.267768
d33d7be1-6220-4aee-92c6-b39f3d075835,1217,0.0,,usda,2026-02-04T04:40:40.267768
d33d7be1-6220-4aee-92c6-b39f3d075835,1218,0.0,,usda,2026-02-04T04:40:40.267768
d33d7be1-6220-4aee-92c6-b39f3d075835,1211,0.0,,usda,2026-02-04T04:40:40.267768
d33d7be1-6220-4aee-92c6-b39f3d075835,1210,0.0,,usda,2026-02-04T04:40:40.267768
d33d7be1-6220-4aee-92c6-b39f3d075835,1219,0.0,,usda,2026-02-04T04:40:40.267768
d33d7be1-6220-4aee-92c6-b39f3d075835,1004,4.65,169450.0,usda,2026-02-04T04:40:40.267768
d33d7be1-6220-4aee-92c6-b39f3d075835,1269,0.626,169450.0,usda,2026-02-04T04:40:40.267768
d33d7be1-6220-4aee-92c6-b39f3d075835,1404,0.011,169450.0,usda,2026-02-04T04:40:40.267768
d33d7be1-6220-4aee-92c6-b39f3d075835,1271,0.443,169450.0,usda,2026-02-04T04:40:40.267768
d33d7be1-6220-4aee-92c6-b39f3d075835,1272,0.0,169450.0,usda,2026-02-04T04:40:40.267768
d33d7be1-6220-4aee-92c6-b39f3d075835,1278,0.0,169450.0,usda,2026-02-04T04:40:40.267768
d33d7be1-6220-4aee-92c6-b39f3d075835,1087,19.0,169450.0,usda,2026-02-04T04:40:40.267768
d33d7be1-6220-4aee-92c6-b39f3d075835,1091,304.0,169450.0,usda,2026-02-04T04:40:40.267768
d33d7be1-6220-4aee-92c6-b39f3d075835,1092,135.0,169450.0,usda,2026-02-04T04:40:40.267768
d33d7be1-6220-4aee-92c6-b39f3d075835,1093,94.0,169450.0,usda,2026-02-04T04:40:40.267768
d33d7be1-6220-4aee-92c6-b39f3d075835,1088,0.0,,usda,2026-02-04T04:40:40.267768
d33d7be1-6220-4aee-92c6-b39f3d075835,1090,12.0,169450.0,usda,2026-02-04T04:40:40.267768
d33d7be1-6220-4aee-92c6-b39f3d075835,1089,5.8,169450.0,usda,2026-02-04T04:40:40.267768
d33d7be1-6220-4aee-92c6-b39f3d075835,1098,0.564,169450.0,usda,2026-02-04T04:40:40.267768
d33d7be1-6220-4aee-92c6-b39f3d075835,1101,0.185,169450.0,usda,2026-02-04T04:40:40.267768
d33d7be1-6220-4aee-92c6-b39f3d075835,1095,2.84,169450.0,usda,2026-02-04T04:40:40.267768
d33d7be1-6220-4aee-92c6-b39f3d075835,1100,0.0,,usda,2026-02-04T04:40:40.267768
d33d7be1-6220-4aee-92c6-b39f3d075835,1103,168.0,169450.0,usda,2026-02-04T04:40:40.267768
d33d7be1-6220-4aee-92c6-b39f3d075835,1104,0.0,169450.0,usda,2026-02-04T04:40:40.267768
d33d7be1-6220-4aee-92c6-b39f3d075835,1110,45.0,169450.0,usda,2026-02-04T04:40:40.267768
d33d7be1-6220-4aee-92c6-b39f3d075835,1109,0.08,169450.0,usda,2026-02-04T04:40:40.267768
d33d7be1-6220-4aee-92c6-b39f3d075835,1165,0.16,169450.0,usda,2026-02-04T04:40:40.267768
d33d7be1-6220-4aee-92c6-b39f3d075835,1166,2.97,169450.0,usda,2026-02-04T04:40:40.267768
d33d7be1-6220-4aee-92c6-b39f3d075835,1170,1.56,169450.0,usda,2026-02-04T04:40:40.267768
d33d7be1-6220-4aee-92c6-b39f3d075835,1167,3.92,169450.0,usda,2026-02-04T04:40:40.267768
d33d7be1-6220-4aee-92c6-b39f3d075835,1175,0.391,169450.0,usda,2026-02-04T04:40:40.267768
d33d7be1-6220-4aee-92c6-b39f3d075835,1186,0.0,169450.0,usda,2026-02-04T04:40:40.267768
d33d7be1-6220-4aee-92c6-b39f3d075835,1178,24.9,169450.0,usda,2026-02-04T04:40:40.267768
d33d7be1-6220-4aee-92c6-b39f3d075835,1180,513.2,169450.0,usda,2026-02-04T04:40:40.267768
67ab6618-fac5-495a-8e23-20bcde444dec,1008,123.0,169704.0,usda,2026-02-04T04:40:40.267768
67ab6618-fac5-495a-8e23-20bcde444dec,1005,25.58,169704.0,usda,2026-02-04T04:40:40.267768
67ab6618-fac5-495a-8e23-20bcde444dec,1079,1.6,169704.0,usda,2026-02-04T04:40:40.267768
67ab6618-fac5-495a-8e23-20bcde444dec,1003,2.74,169704.0,usda,2026-02-04T04:40:40.267768
67ab6618-fac5-495a-8e23-20bcde444dec,1220,0.196,169704.0,usda,2026-02-04T04:40:40.267768
67ab6618-fac5-495a-8e23-20bcde444dec,1221,0.066,169704.0,usda,2026-02-04T04:40:40.267768
67ab6618-fac5-495a-8e23-20bcde444dec,1212,0.109,169704.0,usda,2026-02-04T04:40:40.267768
67ab6618-fac5-495a-8e23-20bcde444dec,1213,0.214,169704.0,usda,2026-02-04T04:40:40.267768
67ab6618-fac5-495a-8e23-20bcde444dec,1214,0.099,169704.0,usda,2026-02-04T04:40:40.267768
67ab6618-fac5-495a-8e23-20bcde444dec,1215,0.058,169704.0,usda,2026-02-04T04:40:40.267768
67ab6618-fac5-495a-8e23-20bcde444dec,1216,0.031,169704.0,usda,2026-02-04T04:40:40.267768
67ab6618-fac5-495a-8e23-20bcde444dec,1217,0.133,169704.0,usda,2026-02-04T04:40:40.267768
67ab6618-fac5-495a-8e23-20bcde444dec,1218,0.097,169704.0,usda,2026-02-04T04:40:40.267768
67ab6618-fac5-495a-8e23-20bcde444dec,1211,0.095,169704.0,usda,2026-02-04T04:40:40.267768
67ab6618-fac5-495a-8e23-20bcde444dec,1210,0.033,169704.0,usda,2026-02-04T04:40:40.267768
67ab6618-fac5-495a-8e23-20bcde444dec,1219,0.151,169704.0,usda,2026-02-04T04:40:40.267768
67ab6618-fac5-495a-8e23-20bcde444dec,1004,0.97,169704.0,usda,2026-02-04T04:40:40.267768
67ab6618-fac5-495a-8e23-20bcde444dec,1269,0.355,169704.0,usda,2026-02-04T04:40:40.267768
67ab6618-fac5-495a-8e23-20bcde444dec,1404,0.011,169704.0,usda,2026-02-04T04:40:40.267768
67ab6618-fac5-495a-8e23-20bcde444dec,1271,0.0,169704.0,usda,2026-02-04T04:40:40.267768
67ab6618-fac5-495a-8e23-20bcde444dec,1272,0.0,169704.0,usda,2026-02-04T04:40:40.267768
67ab6618-fac5-495a-8e23-20bcde444dec,1278,0.0,169704.0,usda,2026-02-04T04:40:40.267768
67ab6618-fac5-495a-8e23-20bcde444dec,1087,3.0,169704.0,usda,2026-02-04T04:40:40.267768
67ab6618-fac5-495a-8e23-20bcde444dec,1091,103.0,169704.0,usda,2026-02-04T04:40:40.267768
67ab6618-fac5-495a-8e23-20bcde444dec,1092,86.0,169704.0,usda,2026-02-04T04:40:40.267768
67ab6618-fac5-495a-8e23-20bcde444dec,1093,4.0,169704.0,usda,2026-02-04T04:40:40.267768
67ab6618-fac5-495a-8e23-20bcde444dec,1088,0.0,,usda,2026-02-04T04:40:40.267768
67ab6618-fac5-495a-8e23-20bcde444dec,1090,39.0,169704.0,usda,2026-02-04T04:40:40.267768
67ab6618-fac5-495a-8e23-20bcde444dec,1089,0.56,169704.0,usda,2026-02-04T04:40:40.267768
67ab6618-fac5-495a-8e23-20bcde444dec,1098,0.106,169704.0,usda,2026-02-04T04:40:40.267768
67ab6618-fac5-495a-8e23-20bcde444dec,1101,0.974,169704.0,usda,2026-02-04T04:40:40.267768
67ab6618-fac5-495a-8e23-20bcde444dec,1095,0.71,169704.0,usda,2026-02-04T04:40:40.267768
67ab6618-fac5-495a-8e23-20bcde444dec,1100,0.0,,usda,2026-02-04T04:40:40.267768
67ab6618-fac5-495a-8e23-20bcde444dec,1103,5.8,169704.0,usda,2026-02-04T04:40:40.267768
67ab6618-fac5-495a-8e23-20bcde444dec,1104,0.0,169704.0,usda,2026-02-04T04:40:40.267768
67ab6618-fac5-495a-8e23-20bcde444dec,1110,0.0,169704.0,usda,2026-02-04T04:40:40.267768
67ab6618-fac5-495a-8e23-20bcde444dec,1109,0.17,169704.0,usda,2026-02-04T04:40:40.267768
67ab6618-fac5-495a-8e23-20bcde444dec,1165,0.178,169704.0,usda,2026-02-04T04:40:40.267768
67ab6618-fac5-495a-8e23-20bcde444dec,1166,0.069,169704.0,usda,2026-02-04T04:40:40.267768
67ab6618-fac5-495a-8e23-20bcde444dec,1170,0.38,169704.0,usda,2026-02-04T04:40:40.267768
67ab6618-fac5-495a-8e23-20bcde444dec,1167,2.561,169704.0,usda,2026-02-04T04:40:40.267768
67ab6618-fac5-495a-8e23-20bcde444dec,1175,0.123,169704.0,usda,2026-02-04T04:40:40.267768
67ab6618-fac5-495a-8e23-20bcde444dec,1186,0.0,169704.0,usda,2026-02-04T04:40:40.267768
67ab6618-fac5-495a-8e23-20bcde444dec,1178,0.0,169704.0,usda,2026-02-04T04:40:40.267768
67ab6618-fac5-495a-8e23-20bcde444dec,1180,9.2,169704.0,usda,2026-02-04T04:40:40.267768
44ef0e70-d406-40dc-91f8-685d766cfdbb,1008,33.0,170407.0,usda,2026-02-04T04:40:40.267768
44ef0e70-d406-40dc-91f8-685d766cfdbb,1005,5.65,170407.0,usda,2026-02-04T04:40:40.267768
44ef0e70-d406-40dc-91f8-685d766cfdbb,1079,4.0,170407.0,usda,2026-02-04T04:40:40.267768
44ef0e70-d406-40dc-91f8-685d766cfdbb,1003,2.71,170407.0,usda,2026-02-04T04:40:40.267768
44ef0e70-d406-40dc-91f8-685d766cfdbb,1220,0.108,170407.0,usda,2026-02-04T04:40:40.267768
44ef0e70-d406-40dc-91f8-685d766cfdbb,1221,0.04,170407.0,usda,2026-02-04T04:40:40.267768
44ef0e70-d406-40dc-91f8-685d766cfdbb,1212,0.086,170407.0,usda,2026-02-04T04:40:40.267768
44ef0e70-d406-40dc-91f8-685d766cfdbb,1213,0.13,170407.0,usda,2026-02-04T04:40:40.267768
44ef0e70-d406-40dc-91f8-685d766cfdbb,1214,0.101,170407.0,usda,2026-02-04T04:40:40.267768
44ef0e70-d406-40dc-91f8-685d766cfdbb,1215,0.028,170407.0,usda,2026-02-04T04:40:40.267768
44ef0e70-d406-40dc-91f8-685d766cfdbb,1216,0.022,170407.0,usda,2026-02-04T04:40:40.267768
44ef0e70-d406-40dc-91f8-685d766cfdbb,1217,0.075,170407.0,usda,2026-02-04T04:40:40.267768
44ef0e70-d406-40dc-91f8-685d766cfdbb,1218,0.056,170407.0,usda,2026-02-04T04:40:40.267768
44ef0e70-d406-40dc-91f8-685d766cfdbb,1211,0.074,170407.0,usda,2026-02-04T04:40:40.267768
44ef0e70-d406-40dc-91f8-685d766cfdbb,1210,0.027,170407.0,usda,2026-02-04T04:40:40.267768
44ef0e70-d406-40dc-91f8-685d766cfdbb,1219,0.104,170407.0,usda,2026-02-04T04:40:40.267768
44ef0e70-d406-40dc-91f8-685d766cfdbb,1004,0.72,170407.0,usda,2026-02-04T04:40:40.267768
44ef0e70-d406-40dc-91f8-685d766cfdbb,1269,0.07,170407.0,usda,2026-02-04T04:40:40.267768
44ef0e70-d406-40dc-91f8-685d766cfdbb,1404,0.0,,usda,2026-02-04T04:40:40.267768
44ef0e70-d406-40dc-91f8-685d766cfdbb,1271,0.002,170407.0,usda,2026-02-04T04:40:40.267768
44ef0e70-d406-40dc-91f8-685d766cfdbb,1272,0.0,170407.0,usda,2026-02-04T04:40:40.267768
44ef0e70-d406-40dc-91f8-685d766cfdbb,1278,0.0,170407.0,usda,2026-02-04T04:40:40.267768
44ef0e70-d406-40dc-91f8-685d766cfdbb,1087,141.0,170407.0,usda,2026-02-04T04:40:40.267768
44ef0e70-d406-40dc-91f8-685d766cfdbb,1091,32.0,170407.0,usda,2026-02-04T04:40:40.267768
44ef0e70-d406-40dc-91f8-685d766cfdbb,1092,117.0,170407.0,usda,2026-02-04T04:40:40.267768
44ef0e70-d406-40dc-91f8-685d766cfdbb,1093,15.0,170407.0,usda,2026-02-04T04:40:40.267768
44ef0e70-d406-40dc-91f8-685d766cfdbb,1088,0.0,,usda,2026-02-04T04:40:40.267768
44ef0e70-d406-40dc-91f8-685d766cfdbb,1090,21.0,170407.0,usda,2026-02-04T04:40:40.267768
44ef0e70-d406-40dc-91f8-685d766cfdbb,1089,1.13,170407.0,usda,2026-02-04T04:40:40.267768
44ef0e70-d406-40dc-91f8-685d766cfdbb,1098,0.051,170407.0,usda,2026-02-04T04:40:40.267768
44ef0e70-d406-40dc-91f8-685d766cfdbb,1101,0.51,170407.0,usda,2026-02-04T04:40:40.267768
44ef0e70-d406-40dc-91f8-685d766cfdbb,1095,0.23,170407.0,usda,2026-02-04T04:40:40.267768
44ef0e70-d406-40dc-91f8-685d766cfdbb,1100,0.0,,usda,2026-02-04T04:40:40.267768
44ef0e70-d406-40dc-91f8-685d766cfdbb,1103,0.5,170407.0,usda,2026-02-04T04:40:40.267768
44ef0e70-d406-40dc-91f8-685d766cfdbb,1104,7600.0,170407.0,usda,2026-02-04T04:40:40.267768
44ef0e70-d406-40dc-91f8-685d766cfdbb,1110,0.0,170407.0,usda,2026-02-04T04:40:40.267768
44ef0e70-d406-40dc-91f8-685d766cfdbb,1109,0.88,170407.0,usda,2026-02-04T04:40:40.267768
44ef0e70-d406-40dc-91f8-685d766cfdbb,1165,0.04,170407.0,usda,2026-02-04T04:40:40.267768
44ef0e70-d406-40dc-91f8-685d766cfdbb,1166,0.106,170407.0,usda,2026-02-04T04:40:40.267768
44ef0e70-d406-40dc-91f8-685d766cfdbb,1170,0.218,170407.0,usda,2026-02-04T04:40:40.267768
44ef0e70-d406-40dc-91f8-685d766cfdbb,1167,0.575,170407.0,usda,2026-02-04T04:40:40.267768
44ef0e70-d406-40dc-91f8-685d766cfdbb,1175,0.128,170407.0,usda,2026-02-04T04:40:40.267768
44ef0e70-d406-40dc-91f8-685d766cfdbb,1186,0.0,170407.0,usda,2026-02-04T04:40:40.267768
44ef0e70-d406-40dc-91f8-685d766cfdbb,1178,0.0,170407.0,usda,2026-02-04T04:40:40.267768
44ef0e70-d406-40dc-91f8-685d766cfdbb,1180,38.4,170407.0,usda,2026-02-04T04:40:40.267768
dbdcd936-f310-4fdd-860a-6d151ce66222,1008,884.0,171025.0,usda,2026-02-04T04:40:40.267768
dbdcd936-f310-4fdd-860a-6d151ce66222,1005,0.0,171025.0,usda,2026-02-04T04:40:40.267768
dbdcd936-f310-4fdd-860a-6d151ce66222,1079,0.0,171025.0,usda,2026-02-04T04:40:40.267768
dbdcd936-f310-4fdd-860a-6d151ce66222,1003,0.0,171025.0,usda,2026-02-04T04:40:40.267768
dbdcd936-f310-4fdd-860a-6d151ce66222,1220,0.0,171025.0,usda,2026-02-04T04:40:40.267768
dbdcd936-f310-4fdd-860a-6d151ce66222,1221,0.0,171025.0,usda,2026-02-04T04:40:40.267768
dbdcd936-f310-4fdd-860a-6d151ce66222,1212,0.0,171025.0,usda,2026-02-04T04:40:40.267768
dbdcd936-f310-4fdd-860a-6d151ce66222,1213,0.0,171025.0,usda,2026-02-04T04:40:40.267768
dbdcd936-f310-4fdd-860a-6d151ce66222,1214,0.0,171025.0,usda,2026-02-04T04:40:40.267768
dbdcd936-f310-4fdd-860a-6d151ce66222,1215,0.0,171025.0,usda,2026-02-04T04:40:40.267768
dbdcd936-f310-4fdd-860a-6d151ce66222,1216,0.0,171025.0,usda,2026-02-04T04:40:40.267768
dbdcd936-f310-4fdd-860a-6d151ce66222,1217,0.0,171025.0,usda,2026-02-04T04:40:40.267768
dbdcd936-f310-4fdd-860a-6d151ce66222,1218,0.0,171025.0,usda,2026-02-04T04:40:40.267768
dbdcd936-f310-4fdd-860a-6d151ce66222,1211,0.0,171025.0,usda,2026-02-04T04:40:40.267768
dbdcd936-f310-4fdd-860a-6d151ce66222,1210,0.0,171025.0,usda,2026-02-04T04:40:40.267768
dbdcd936-f310-4fdd-860a-6d151ce66222,1219,0.0,171025.0,usda,2026-02-04T04:40:40.267768
dbdcd936-f310-4fdd-860a-6d151ce66222,1004,100.0,171025.0,usda,2026-02-04T04:40:40.267768
dbdcd936-f310-4fdd-860a-6d151ce66222,1269,65.7,171025.0,usda,2026-02-04T04:40:40.267768
dbdcd936-f310-4fdd-860a-6d151ce66222,1404,0.0,,usda,2026-02-04T04:40:40.267768
dbdcd936-f310-4fdd-860a-6d151ce66222,1271,0.0,171025.0,usda,2026-02-04T04:40:40.267768
dbdcd936-f310-4fdd-860a-6d151ce66222,1272,0.0,171025.0,usda,2026-02-04T04:40:40.267768
dbdcd936-f310-4fdd-860a-6d151ce66222,1278,0.0,171025.0,usda,2026-02-04T04:40:40.267768
dbdcd936-f310-4fdd-860a-6d151ce66222,1087,0.0,171025.0,usda,2026-02-04T04:40:40.267768
dbdcd936-f310-4fdd-860a-6d151ce66222,1091,0.0,171025.0,usda,2026-02-04T04:40:40.267768
dbdcd936-f310-4fdd-860a-6d151ce66222,1092,0.0,171025.0,usda,2026-02-04T04:40:40.267768
dbdcd936-f310-4fdd-860a-6d151ce66222,1093,0.0,171025.0,usda,2026-02-04T04:40:40.267768
dbdcd936-f310-4fdd-860a-6d151ce66222,1088,0.0,,usda,2026-02-04T04:40:40.267768
dbdcd936-f310-4fdd-860a-6d151ce66222,1090,0.0,171025.0,usda,2026-02-04T04:40:40.267768
dbdcd936-f310-4fdd-860a-6d151ce66222,1089,0.0,171025.0,usda,2026-02-04T04:40:40.267768
dbdcd936-f310-4fdd-860a-6d151ce66222,1098,0.0,171025.0,usda,2026-02-04T04:40:40.267768
dbdcd936-f310-4fdd-860a-6d151ce66222,1101,0.0,,usda,2026-02-04T04:40:40.267768
dbdcd936-f310-4fdd-860a-6d151ce66222,1095,0.0,171025.0,usda,2026-02-04T04:40:40.267768
dbdcd936-f310-4fdd-860a-6d151ce66222,1100,0.0,,usda,2026-02-04T04:40:40.267768
dbdcd936-f310-4fdd-860a-6d151ce66222,1103,0.0,171025.0,usda,2026-02-04T04:40:40.267768
dbdcd936-f310-4fdd-860a-6d151ce66222,1104,0.0,171025.0,usda,2026-02-04T04:40:40.267768
dbdcd936-f310-4fdd-860a-6d151ce66222,1110,0.0,171025.0,usda,2026-02-04T04:40:40.267768
dbdcd936-f310-4fdd-860a-6d151ce66222,1109,41.08,171025.0,usda,2026-02-04T04:40:40.267768
dbdcd936-f310-4fdd-860a-6d151ce66222,1165,0.0,171025.0,usda,2026-02-04T04:40:40.267768
dbdcd936-f310-4fdd-860a-6d151ce66222,1166,0.0,171025.0,usda,2026-02-04T04:40:40.267768
dbdcd936-f310-4fdd-860a-6d151ce66222,1170,0.0,171025.0,usda,2026-02-04T04:40:40.267768
dbdcd936-f310-4fdd-860a-6d151ce66222,1167,0.0,171025.0,usda,2026-02-04T04:40:40.267768
dbdcd936-f310-4fdd-860a-6d151ce66222,1175,0.0,171025.0,usda,2026-02-04T04:40:40.267768
dbdcd936-f310-4fdd-860a-6d151ce66222,1186,0.0,171025.0,usda,2026-02-04T04:40:40.267768
dbdcd936-f310-4fdd-860a-6d151ce66222,1178,0.0,171025.0,usda,2026-02-04T04:40:40.267768
dbdcd936-f310-4fdd-860a-6d151ce66222,1180,0.2,171025.0,usda,2026-02-04T04:40:40.267768
4223f124-54be-44ef-bd70-61efaa9487e3,1008,167.0,171061.0,usda,2026-02-04T04:40:40.267768
4223f124-54be-44ef-bd70-61efaa9487e3,1005,0.87,171061.0,usda,2026-02-04T04:40:40.267768
4223f124-54be-44ef-bd70-61efaa9487e3,1079,0.0,171061.0,usda,2026-02-04T04:40:40.267768
4223f124-54be-44ef-bd70-61efaa9487e3,1003,24.46,171061.0,usda,2026-02-04T04:40:40.267768
4223f124-54be-44ef-bd70-61efaa9487e3,1220,1.539,171061.0,usda,2026-02-04T04:40:40.267768
4223f124-54be-44ef-bd70-61efaa9487e3,1221,0.714,171061.0,usda,2026-02-04T04:40:40.267768
4223f124-54be-44ef-bd70-61efaa9487e3,1212,1.144,171061.0,usda,2026-02-04T04:40:40.267768
4223f124-54be-44ef-bd70-61efaa9487e3,1213,2.128,171061.0,usda,2026-02-04T04:40:40.267768
4223f124-54be-44ef-bd70-61efaa9487e3,1214,1.875,171061.0,usda,2026-02-04T04:40:40.267768
4223f124-54be-44ef-bd70-61efaa9487e3,1215,0.608,171061.0,usda,2026-02-04T04:40:40.267768
4223f124-54be-44ef-bd70-61efaa9487e3,1216,0.383,171061.0,usda,2026-02-04T04:40:40.267768
4223f124-54be-44ef-bd70-61efaa9487e3,1217,1.16,171061.0,usda,2026-02-04T04:40:40.267768
4223f124-54be-44ef-bd70-61efaa9487e3,1218,0.919,171061.0,usda,2026-02-04T04:40:40.267768
4223f124-54be-44ef-bd70-61efaa9487e3,1211,1.021,171061.0,usda,2026-02-04T04:40:40.267768
4223f124-54be-44ef-bd70-61efaa9487e3,1210,0.248,171061.0,usda,2026-02-04T04:40:40.267768
4223f124-54be-44ef-bd70-61efaa9487e3,1219,1.405,171061.0,usda,2026-02-04T04:40:40.267768
4223f124-54be-44ef-bd70-61efaa9487e3,1004,6.51,171061.0,usda,2026-02-04T04:40:40.267768
4223f124-54be-44ef-bd70-61efaa9487e3,1269,0.719,171061.0,usda,2026-02-04T04:40:40.267768
4223f124-54be-44ef-bd70-61efaa9487e3,1404,0.012,171061.0,usda,2026-02-04T04:40:40.267768
4223f124-54be-44ef-bd70-61efaa9487e3,1271,0.508,171061.0,usda,2026-02-04T04:40:40.267768
4223f124-54be-44ef-bd70-61efaa9487e3,1272,0.0,171061.0,usda,2026-02-04T04:40:40.267768
4223f124-54be-44ef-bd70-61efaa9487e3,1278,0.0,171061.0,usda,2026-02-04T04:40:40.267768
4223f124-54be-44ef-bd70-61efaa9487e3,1087,11.0,171061.0,usda,2026-02-04T04:40:40.267768
4223f124-54be-44ef-bd70-61efaa9487e3,1091,405.0,171061.0,usda,2026-02-04T04:40:40.267768
4223f124-54be-44ef-bd70-61efaa9487e3,1092,263.0,171061.0,usda,2026-02-04T04:40:40.267768
4223f124-54be-44ef-bd70-61efaa9487e3,1093,76.0,171061.0,usda,2026-02-04T04:40:40.267768
4223f124-54be-44ef-bd70-61efaa9487e3,1088,0.0,,usda,2026-02-04T04:40:40.267768
4223f124-54be-44ef-bd70-61efaa9487e3,1090,25.0,171061.0,usda,2026-02-04T04:40:40.267768
4223f124-54be-44ef-bd70-61efaa9487e3,1089,11.63,171061.0,usda,2026-02-04T04:40:40.267768
4223f124-54be-44ef-bd70-61efaa9487e3,1098,0.496,171061.0,usda,2026-02-04T04:40:40.267768
4223f124-54be-44ef-bd70-61efaa9487e3,1101,0.359,171061.0,usda,2026-02-04T04:40:40.267768
4223f124-54be-44ef-bd70-61efaa9487e3,1095,3.98,171061.0,usda,2026-02-04T04:40:40.267768
4223f124-54be-44ef-bd70-61efaa9487e3,1100,0.0,,usda,2026-02-04T04:40:40.267768
4223f124-54be-44ef-bd70-61efaa9487e3,1103,82.4,171061.0,usda,2026-02-04T04:40:40.267768
4223f124-54be-44ef-bd70-61efaa9487e3,1104,13328.0,171061.0,usda,2026-02-04T04:40:40.267768
4223f124-54be-44ef-bd70-61efaa9487e3,1110,0.0,171061.0,usda,2026-02-04T04:40:40.267768
4223f124-54be-44ef-bd70-61efaa9487e3,1109,0.82,171061.0,usda,2026-02-04T04:40:40.267768
4223f124-54be-44ef-bd70-61efaa9487e3,1165,0.291,171061.0,usda,2026-02-04T04:40:40.267768
4223f124-54be-44ef-bd70-61efaa9487e3,1166,1.993,171061.0,usda,2026-02-04T04:40:40.267768
4223f124-54be-44ef-bd70-61efaa9487e3,1170,6.668,171061.0,usda,2026-02-04T04:40:40.267768
4223f124-54be-44ef-bd70-61efaa9487e3,1167,11.045,171061.0,usda,2026-02-04T04:40:40.267768
4223f124-54be-44ef-bd70-61efaa9487e3,1175,0.755,171061.0,usda,2026-02-04T04:40:40.267768
4223f124-54be-44ef-bd70-61efaa9487e3,1186,0.0,171061.0,usda,2026-02-04T04:40:40.267768
4223f124-54be-44ef-bd70-61efaa9487e3,1178,16.85,171061.0,usda,2026-02-04T04:40:40.267768
4223f124-54be-44ef-bd70-61efaa9487e3,1180,290.0,171061.0,usda,2026-02-04T04:40:40.267768
91be149f-bf77-454b-b4d6-0c18b1ac7f81,1008,57.0,171711.0,usda,2026-02-04T04:40:40.267768
91be149f-bf77-454b-b4d6-0c18b1ac7f81,1005,14.49,171711.0,usda,2026-02-04T04:40:40.267768
91be149f-bf77-454b-b4d6-0c18b1ac7f81,1079,2.4,171711.0,usda,2026-02-04T04:40:40.267768
91be149f-bf77-454b-b4d6-0c18b1ac7f81,1003,0.74,171711.0,usda,2026-02-04T04:40:40.267768
91be149f-bf77-454b-b4d6-0c18b1ac7f81,1220,0.037,171711.0,usda,2026-02-04T04:40:40.267768
91be149f-bf77-454b-b4d6-0c18b1ac7f81,1221,0.011,171711.0,usda,2026-02-04T04:40:40.267768
91be149f-bf77-454b-b4d6-0c18b1ac7f81,1212,0.023,171711.0,usda,2026-02-04T04:40:40.267768
91be149f-bf77-454b-b4d6-0c18b1ac7f81,1213,0.044,171711.0,usda,2026-02-04T04:40:40.267768
91be149f-bf77-454b-b4d6-0c18b1ac7f81,1214,0.013,171711.0,usda,2026-02-04T04:40:40.267768
91be149f-bf77-454b-b4d6-0c18b1ac7f81,1215,0.012,171711.0,usda,2026-02-04T04:40:40.267768
91be149f-bf77-454b-b4d6-0c18b1ac7f81,1216,0.008,171711.0,usda,2026-02-04T04:40:40.267768
91be149f-bf77-454b-b4d6-0c18b1ac7f81,1217,0.026,171711.0,usda,2026-02-04T04:40:40.267768
91be149f-bf77-454b-b4d6-0c18b1ac7f81,1218,0.009,171711.0,usda,2026-02-04T04:40:40.267768
91be149f-bf77-454b-b4d6-0c18b1ac7f81,1211,0.02,171711.0,usda,2026-02-04T04:40:40.267768
91be149f-bf77-454b-b4d6-0c18b1ac7f81,1210,0.003,171711.0,usda,2026-02-04T04:40:40.267768
91be149f-bf77-454b-b4d6-0c18b1ac7f81,1219,0.031,171711.0,usda,2026-02-04T04:40:40.267768
91be149f-bf77-454b-b4d6-0c18b1ac7f81,1004,0.33,171711.0,usda,2026-02-04T04:40:40.267768
91be149f-bf77-454b-b4d6-0c18b1ac7f81,1269,0.088,171711.0,usda,2026-02-04T04:40:40.267768
91be149f-bf77-454b-b4d6-0c18b1ac7f81,1404,0.0,,usda,2026-02-04T04:40:40.267768
91be149f-bf77-454b-b4d6-0c18b1ac7f81,1271,0.0,171711.0,usda,2026-02-04T04:40:40.267768
91be149f-bf77-454b-b4d6-0c18b1ac7f81,1272,0.0,171711.0,usda,2026-02-04T04:40:40.267768
91be149f-bf77-454b-b4d6-0c18b1ac7f81,1278,0.0,171711.0,usda,2026-02-04T04:40:40.267768
91be149f-bf77-454b-b4d6-0c18b1ac7f81,1087,6.0,171711.0,usda,2026-02-04T04:40:40.267768
91be149f-bf77-454b-b4d6-0c18b1ac7f81,1091,12.0,171711.0,usda,2026-02-04T04:40:40.267768
91be149f-bf77-454b-b4d6-0c18b1ac7f81,1092,77.0,171711.0,usda,2026-02-04T04:40:40.267768
91be149f-bf77-454b-b4d6-0c18b1ac7f81,1093,1.0,171711.0,usda,2026-02-04T04:40:40.267768
91be149f-bf77-454b-b4d6-0c18b1ac7f81,1088,0.0,,usda,2026-02-04T04:40:40.267768
91be149f-bf77-454b-b4d6-0c18b1ac7f81,1090,6.0,171711.0,usda,2026-02-04T04:40:40.267768
91be149f-bf77-454b-b4d6-0c18b1ac7f81,1089,0.28,171711.0,usda,2026-02-04T04:40:40.267768
91be149f-bf77-454b-b4d6-0c18b1ac7f81,1098,0.057,171711.0,usda,2026-02-04T04:40:40.267768
91be149f-bf77-454b-b4d6-0c18b1ac7f81,1101,0.336,171711.0,usda,2026-02-04T04:40:40.267768
91be149f-bf77-454b-b4d6-0c18b1ac7f81,1095,0.16,171711.0,usda,2026-02-04T04:40:40.267768
91be149f-bf77-454b-b4d6-0c18b1ac7f81,1100,0.0,,usda,2026-02-04T04:40:40.267768
91be149f-bf77-454b-b4d6-0c18b1ac7f81,1103,0.1,171711.0,usda,2026-02-04T04:40:40.267768
91be149f-bf77-454b-b4d6-0c18b1ac7f81,1104,54.0,171711.0,usda,2026-02-04T04:40:40.267768
91be149f-bf77-454b-b4d6-0c18b1ac7f81,1110,0.0,171711.0,usda,2026-02-04T04:40:40.267768
91be149f-bf77-454b-b4d6-0c18b1ac7f81,1109,0.57,171711.0,usda,2026-02-04T04:40:40.267768
91be149f-bf77-454b-b4d6-0c18b1ac7f81,1165,0.037,171711.0,usda,2026-02-04T04:40:40.267768
91be149f-bf77-454b-b4d6-0c18b1ac7f81,1166,0.041,171711.0,usda,2026-02-04T04:40:40.267768
91be149f-bf77-454b-b4d6-0c18b1ac7f81,1170,0.124,171711.0,usda,2026-02-04T04:40:40.267768
91be149f-bf77-454b-b4d6-0c18b1ac7f81,1167,0.418,171711.0,usda,2026-02-04T04:40:40.267768
91be149f-bf77-454b-b4d6-0c18b1ac7f81,1175,0.052,171711.0,usda,2026-02-04T04:40:40.267768
91be149f-bf77-454b-b4d6-0c18b1ac7f81,1186,0.0,171711.0,usda,2026-02-04T04:40:40.267768
91be149f-bf77-454b-b4d6-0c18b1ac7f81,1178,0.0,171711.0,usda,2026-02-04T04:40:40.267768
91be149f-bf77-454b-b4d6-0c18b1ac7f81,1180,6.0,171711.0,usda,2026-02-04T04:40:40.267768
151bcb84-0e1b-44b6-9d9e-c63e7614cf01,1008,174.0,171791.0,usda,2026-02-04T04:40:40.267768
151bcb84-0e1b-44b6-9d9e-c63e7614cf01,1005,0.0,171791.0,usda,2026-02-04T04:40:40.267768
151bcb84-0e1b-44b6-9d9e-c63e7614cf01,1079,0.0,171791.0,usda,2026-02-04T04:40:40.267768
151bcb84-0e1b-44b6-9d9e-c63e7614cf01,1003,26.29,171791.0,usda,2026-02-04T04:40:40.267768
151bcb84-0e1b-44b6-9d9e-c63e7614cf01,1220,1.71,171791.0,usda,2026-02-04T04:40:40.267768
151bcb84-0e1b-44b6-9d9e-c63e7614cf01,1221,0.854,171791.0,usda,2026-02-04T04:40:40.267768
151bcb84-0e1b-44b6-9d9e-c63e7614cf01,1212,1.162,171791.0,usda,2026-02-04T04:40:40.267768
151bcb84-0e1b-44b6-9d9e-c63e7614cf01,1213,2.049,171791.0,usda,2026-02-04T04:40:40.267768
151bcb84-0e1b-44b6-9d9e-c63e7614cf01,1214,2.176,171791.0,usda,2026-02-04T04:40:40.267768
151bcb84-0e1b-44b6-9d9e-c63e7614cf01,1215,0.676,171791.0,usda,2026-02-04T04:40:40.267768
151bcb84-0e1b-44b6-9d9e-c63e7614cf01,1216,0.271,171791.0,usda,2026-02-04T04:40:40.267768
151bcb84-0e1b-44b6-9d9e-c63e7614cf01,1217,1.025,171791.0,usda,2026-02-04T04:40:40.267768
151bcb84-0e1b-44b6-9d9e-c63e7614cf01,1218,0.808,171791.0,usda,2026-02-04T04:40:40.267768
151bcb84-0e1b-44b6-9d9e-c63e7614cf01,1211,1.017,171791.0,usda,2026-02-04T04:40:40.267768
151bcb84-0e1b-44b6-9d9e-c63e7614cf01,1210,0.133,171791.0,usda,2026-02-04T04:40:40.267768
151bcb84-0e1b-44b6-9d9e-c63e7614cf01,1219,1.291,171791.0,usda,2026-02-04T04:40:40.267768
151bcb84-0e1b-44b6-9d9e-c63e7614cf01,1004,6.8,171791.0,usda,2026-02-04T04:40:40.267768
151bcb84-0e1b-44b6-9d9e-c63e7614cf01,1269,0.228,171791.0,usda,2026-02-04T04:40:40.267768
151bcb84-0e1b-44b6-9d9e-c63e7614cf01,1404,0.042,171791.0,usda,2026-02-04T04:40:40.267768
151bcb84-0e1b-44b6-9d9e-c63e7614cf01,1271,0.045,171791.0,usda,2026-02-04T04:40:40.267768
151bcb84-0e1b-44b6-9d9e-c63e7614cf01,1272,0.0,171791.0,usda,2026-02-04T04:40:40.267768
151bcb84-0e1b-44b6-9d9e-c63e7614cf01,1278,0.0,171791.0,usda,2026-02-04T04:40:40.267768
151bcb84-0e1b-44b6-9d9e-c63e7614cf01,1087,7.0,171791.0,usda,2026-02-04T04:40:40.267768
151bcb84-0e1b-44b6-9d9e-c63e7614cf01,1091,206.0,171791.0,usda,2026-02-04T04:40:40.267768
151bcb84-0e1b-44b6-9d9e-c63e7614cf01,1092,347.0,171791.0,usda,2026-02-04T04:40:40.267768
151bcb84-0e1b-44b6-9d9e-c63e7614cf01,1093,65.0,171791.0,usda,2026-02-04T04:40:40.267768
151bcb84-0e1b-44b6-9d9e-c63e7614cf01,1088,0.0,,usda,2026-02-04T04:40:40.267768
151bcb84-0e1b-44b6-9d9e-c63e7614cf01,1090,22.0,171791.0,usda,2026-02-04T04:40:40.267768
151bcb84-0e1b-44b6-9d9e-c63e7614cf01,1089,2.83,171791.0,usda,2026-02-04T04:40:40.267768
151bcb84-0e1b-44b6-9d9e-c63e7614cf01,1098,0.096,171791.0,usda,2026-02-04T04:40:40.267768
151bcb84-0e1b-44b6-9d9e-c63e7614cf01,1101,0.014,171791.0,usda,2026-02-04T04:40:40.267768
151bcb84-0e1b-44b6-9d9e-c63e7614cf01,1095,6.43,171791.0,usda,2026-02-04T04:40:40.267768
151bcb84-0e1b-44b6-9d9e-c63e7614cf01,1100,0.0,,usda,2026-02-04T04:40:40.267768
151bcb84-0e1b-44b6-9d9e-c63e7614cf01,1103,21.5,171791.0,usda,2026-02-04T04:40:40.267768
151bcb84-0e1b-44b6-9d9e-c63e7614cf01,1104,9.0,171791.0,usda,2026-02-04T04:40:40.267768
151bcb84-0e1b-44b6-9d9e-c63e7614cf01,1110,2.0,171791.0,usda,2026-02-04T04:40:40.267768
151bcb84-0e1b-44b6-9d9e-c63e7614cf01,1109,0.12,171791.0,usda,2026-02-04T04:40:40.267768
151bcb84-0e1b-44b6-9d9e-c63e7614cf01,1165,0.042,171791.0,usda,2026-02-04T04:40:40.267768
151bcb84-0e1b-44b6-9d9e-c63e7614cf01,1166,0.176,171791.0,usda,2026-02-04T04:40:40.267768
151bcb84-0e1b-44b6-9d9e-c63e7614cf01,1170,0.658,171791.0,usda,2026-02-04T04:40:40.267768
151bcb84-0e1b-44b6-9d9e-c63e7614cf01,1167,5.939,171791.0,usda,2026-02-04T04:40:40.267768
151bcb84-0e1b-44b6-9d9e-c63e7614cf01,1175,0.412,171791.0,usda,2026-02-04T04:40:40.267768
151bcb84-0e1b-44b6-9d9e-c63e7614cf01,1186,0.0,171791.0,usda,2026-02-04T04:40:40.267768
151bcb84-0e1b-44b6-9d9e-c63e7614cf01,1178,2.47,171791.0,usda,2026-02-04T04:40:40.267768
151bcb84-0e1b-44b6-9d9e-c63e7614cf01,1180,85.4,171791.0,usda,2026-02-04T04:40:40.267768
fce20ffe-2ffa-4ca7-80c3-95d350c276b1,1008,105.0,171956.0,usda,2026-02-04T04:40:40.267768
fce20ffe-2ffa-4ca7-80c3-95d350c276b1,1005,0.0,171956.0,usda,2026-02-04T04:40:40.267768
fce20ffe-2ffa-4ca7-80c3-95d350c276b1,1079,0.0,171956.0,usda,2026-02-04T04:40:40.267768
fce20ffe-2ffa-4ca7-80c3-95d350c276b1,1003,22.83,171956.0,usda,2026-02-04T04:40:40.267768
fce20ffe-2ffa-4ca7-80c3-95d350c276b1,1220,1.366,171956.0,usda,2026-02-04T04:40:40.267768
fce20ffe-2ffa-4ca7-80c3-95d350c276b1,1221,0.672,171956.0,usda,2026-02-04T04:40:40.267768
fce20ffe-2ffa-4ca7-80c3-95d350c276b1,1212,1.052,171956.0,usda,2026-02-04T04:40:40.267768
fce20ffe-2ffa-4ca7-80c3-95d350c276b1,1213,1.856,171956.0,usda,2026-02-04T04:40:40.267768
fce20ffe-2ffa-4ca7-80c3-95d350c276b1,1214,2.097,171956.0,usda,2026-02-04T04:40:40.267768
fce20ffe-2ffa-4ca7-80c3-95d350c276b1,1215,0.676,171956.0,usda,2026-02-04T04:40:40.267768
fce20ffe-2ffa-4ca7-80c3-95d350c276b1,1216,0.245,171956.0,usda,2026-02-04T04:40:40.267768
fce20ffe-2ffa-4ca7-80c3-95d350c276b1,1217,0.891,171956.0,usda,2026-02-04T04:40:40.267768
fce20ffe-2ffa-4ca7-80c3-95d350c276b1,1218,0.771,171956.0,usda,2026-02-04T04:40:40.267768
fce20ffe-2ffa-4ca7-80c3-95d350c276b1,1211,1.001,171956.0,usda,2026-02-04T04:40:40.267768
fce20ffe-2ffa-4ca7-80c3-95d350c276b1,1210,0.256,171956.0,usda,2026-02-04T04:40:40.267768
fce20ffe-2ffa-4ca7-80c3-95d350c276b1,1219,1.176,171956.0,usda,2026-02-04T04:40:40.267768
fce20ffe-2ffa-4ca7-80c3-95d350c276b1,1004,0.86,171956.0,usda,2026-02-04T04:40:40.267768
fce20ffe-2ffa-4ca7-80c3-95d350c276b1,1269,0.006,171956.0,usda,2026-02-04T04:40:40.267768
fce20ffe-2ffa-4ca7-80c3-95d350c276b1,1404,0.0,,usda,2026-02-04T04:40:40.267768
fce20ffe-2ffa-4ca7-80c3-95d350c276b1,1271,0.028,171956.0,usda,2026-02-04T04:40:40.267768
fce20ffe-2ffa-4ca7-80c3-95d350c276b1,1272,0.154,171956.0,usda,2026-02-04T04:40:40.267768
fce20ffe-2ffa-4ca7-80c3-95d350c276b1,1278,0.004,171956.0,usda,2026-02-04T04:40:40.267768
fce20ffe-2ffa-4ca7-80c3-95d350c276b1,1087,14.0,171956.0,usda,2026-02-04T04:40:40.267768
fce20ffe-2ffa-4ca7-80c3-95d350c276b1,1091,138.0,171956.0,usda,2026-02-04T04:40:40.267768
fce20ffe-2ffa-4ca7-80c3-95d350c276b1,1092,244.0,171956.0,usda,2026-02-04T04:40:40.267768
fce20ffe-2ffa-4ca7-80c3-95d350c276b1,1093,78.0,171956.0,usda,2026-02-04T04:40:40.267768
fce20ffe-2ffa-4ca7-80c3-95d350c276b1,1088,0.0,,usda,2026-02-04T04:40:40.267768
fce20ffe-2ffa-4ca7-80c3-95d350c276b1,1090,42.0,171956.0,usda,2026-02-04T04:40:40.267768
fce20ffe-2ffa-4ca7-80c3-95d350c276b1,1089,0.49,171956.0,usda,2026-02-04T04:40:40.267768
fce20ffe-2ffa-4ca7-80c3-95d350c276b1,1098,0.036,171956.0,usda,2026-02-04T04:40:40.267768
fce20ffe-2ffa-4ca7-80c3-95d350c276b1,1101,0.02,171956.0,usda,2026-02-04T04:40:40.267768
fce20ffe-2ffa-4ca7-80c3-95d350c276b1,1095,0.58,171956.0,usda,2026-02-04T04:40:40.267768
fce20ffe-2ffa-4ca7-80c3-95d350c276b1,1100,0.0,,usda,2026-02-04T04:40:40.267768
fce20ffe-2ffa-4ca7-80c3-95d350c276b1,1103,37.6,171956.0,usda,2026-02-04T04:40:40.267768
fce20ffe-2ffa-4ca7-80c3-95d350c276b1,1104,47.0,171956.0,usda,2026-02-04T04:40:40.267768
fce20ffe-2ffa-4ca7-80c3-95d350c276b1,1110,46.0,171956.0,usda,2026-02-04T04:40:40.267768
fce20ffe-2ffa-4ca7-80c3-95d350c276b1,1109,0.81,171956.0,usda,2026-02-04T04:40:40.267768
fce20ffe-2ffa-4ca7-80c3-95d350c276b1,1165,0.088,171956.0,usda,2026-02-04T04:40:40.267768
fce20ffe-2ffa-4ca7-80c3-95d350c276b1,1166,0.079,171956.0,usda,2026-02-04T04:40:40.267768
fce20ffe-2ffa-4ca7-80c3-95d350c276b1,1170,0.18,171956.0,usda,2026-02-04T04:40:40.267768
fce20ffe-2ffa-4ca7-80c3-95d350c276b1,1167,2.513,171956.0,usda,2026-02-04T04:40:40.267768
fce20ffe-2ffa-4ca7-80c3-95d350c276b1,1175,0.283,171956.0,usda,2026-02-04T04:40:40.267768
fce20ffe-2ffa-4ca7-80c3-95d350c276b1,1186,0.0,171956.0,usda,2026-02-04T04:40:40.267768
fce20ffe-2ffa-4ca7-80c3-95d350c276b1,1178,1.05,171956.0,usda,2026-02-04T04:40:40.267768
fce20ffe-2ffa-4ca7-80c3-95d350c276b1,1180,83.7,171956.0,usda,2026-02-04T04:40:40.267768
e56fee29-4cea-410d-a32f-389a93fb803b,1008,155.0,173424.0,usda,2026-02-04T04:40:40.267768
e56fee29-4cea-410d-a32f-389a93fb803b,1005,1.12,173424.0,usda,2026-02-04T04:40:40.267768
e56fee29-4cea-410d-a32f-389a93fb803b,1079,0.0,173424.0,usda,2026-02-04T04:40:40.267768
e56fee29-4cea-410d-a32f-389a93fb803b,1003,12.58,173424.0,usda,2026-02-04T04:40:40.267768
e56fee29-4cea-410d-a32f-389a93fb803b,1220,0.755,173424.0,usda,2026-02-04T04:40:40.267768
e56fee29-4cea-410d-a32f-389a93fb803b,1221,0.298,173424.0,usda,2026-02-04T04:40:40.267768
e56fee29-4cea-410d-a32f-389a93fb803b,1212,0.686,173424.0,usda,2026-02-04T04:40:40.267768
e56fee29-4cea-410d-a32f-389a93fb803b,1213,1.075,173424.0,usda,2026-02-04T04:40:40.267768
e56fee29-4cea-410d-a32f-389a93fb803b,1214,0.904,173424.0,usda,2026-02-04T04:40:40.267768
e56fee29-4cea-410d-a32f-389a93fb803b,1215,0.392,173424.0,usda,2026-02-04T04:40:40.267768
e56fee29-4cea-410d-a32f-389a93fb803b,1216,0.292,173424.0,usda,2026-02-04T04:40:40.267768
e56fee29-4cea-410d-a32f-389a93fb803b,1217,0.668,173424.0,usda,2026-02-04T04:40:40.267768
e56fee29-4cea-410d-a32f-389a93fb803b,1218,0.513,173424.0,usda,2026-02-04T04:40:40.267768
e56fee29-4cea-410d-a32f-389a93fb803b,1211,0.604,173424.0,usda,2026-02-04T04:40:40.267768
e56fee29-4cea-410d-a32f-389a93fb803b,1210,0.153,173424.0,usda,2026-02-04T04:40:40.267768
e56fee29-4cea-410d-a32f-389a93fb803b,1219,0.767,173424.0,usda,2026-02-04T04:40:40.267768
e56fee29-4cea-410d-a32f-389a93fb803b,1004,10.61,173424.0,usda,2026-02-04T04:40:40.267768
e56fee29-4cea-410d-a32f-389a93fb803b,1269,1.188,173424.0,usda,2026-02-04T04:40:40.267768
e56fee29-4cea-410d-a32f-389a93fb803b,1404,0.0,,usda,2026-02-04T04:40:40.267768
e56fee29-4cea-410d-a32f-389a93fb803b,1271,0.149,173424.0,usda,2026-02-04T04:40:40.267768
e56fee29-4cea-410d-a32f-389a93fb803b,1272,0.038,173424.0,usda,2026-02-04T04:40:40.267768
e56fee29-4cea-410d-a32f-389a93fb803b,1278,0.005,173424.0,usda,2026-02-04T04:40:40.267768
e56fee29-4cea-410d-a32f-389a93fb803b,1087,50.0,173424.0,usda,2026-02-04T04:40:40.267768
e56fee29-4cea-410d-a32f-389a93fb803b,1091,172.0,173424.0,usda,2026-02-04T04:40:40.267768
e56fee29-4cea-410d-a32f-389a93fb803b,1092,126.0,173424.0,usda,2026-02-04T04:40:40.267768
e56fee29-4cea-410d-a32f-389a93fb803b,1093,124.0,173424.0,usda,2026-02-04T04:40:40.267768
e56fee29-4cea-410d-a32f-389a93fb803b,1088,0.0,,usda,2026-02-04T04:40:40.267768
e56fee29-4cea-410d-a32f-389a93fb803b,1090,10.0,173424.0,usda,2026-02-04T04:40:40.267768
e56fee29-4cea-410d-a32f-389a93fb803b,1089,1.19,173424.0,usda,2026-02-04T04:40:40.267768
e56fee29-4cea-410d-a32f-389a93fb803b,1098,0.013,173424.0,usda,2026-02-04T04:40:40.267768
e56fee29-4cea-410d-a32f-389a93fb803b,1101,0.026,173424.0,usda,2026-02-04T04:40:40.267768
e56fee29-4cea-410d-a32f-389a93fb803b,1095,1.05,173424.0,usda,2026-02-04T04:40:40.267768
e56fee29-4cea-410d-a32f-389a93fb803b,1100,0.0,,usda,2026-02-04T04:40:40.267768
e56fee29-4cea-410d-a32f-389a93fb803b,1103,30.8,173424.0,usda,2026-02-04T04:40:40.267768
e56fee29-4cea-410d-a32f-389a93fb803b,1104,520.0,173424.0,usda,2026-02-04T04:40:40.267768
e56fee29-4cea-410d-a32f-389a93fb803b,1110,87.0,173424.0,usda,2026-02-04T04:40:40.267768
e56fee29-4cea-410d-a32f-389a93fb803b,1109,1.03,173424.0,usda,2026-02-04T04:40:40.267768
e56fee29-4cea-410d-a32f-389a93fb803b,1165,0.066,173424.0,usda,2026-02-04T04:40:40.267768
e56fee29-4cea-410d-a32f-389a93fb803b,1166,0.513,173424.0,usda,2026-02-04T04:40:40.267768
e56fee29-4cea-410d-a32f-389a93fb803b,1170,1.398,173424.0,usda,2026-02-04T04:40:40.267768
e56fee29-4cea-410d-a32f-389a93fb803b,1167,0.064,173424.0,usda,2026-02-04T04:40:40.267768
e56fee29-4cea-410d-a32f-389a93fb803b,1175,0.121,173424.0,usda,2026-02-04T04:40:40.267768
e56fee29-4cea-410d-a32f-389a93fb803b,1186,0.0,173424.0,usda,2026-02-04T04:40:40.267768
e56fee29-4cea-410d-a32f-389a93fb803b,1178,1.11,173424.0,usda,2026-02-04T04:40:40.267768
e56fee29-4cea-410d-a32f-389a93fb803b,1180,293.8,173424.0,usda,2026-02-04T04:40:40.267768
fb2cdf5e-f839-4291-8b9b-705d580230f8,1008,902.0,173577.0,usda,2026-02-04T04:40:40.267768
fb2cdf5e-f839-4291-8b9b-705d580230f8,1005,0.0,173577.0,usda,2026-02-04T04:40:40.267768
fb2cdf5e-f839-4291-8b9b-705d580230f8,1079,0.0,173577.0,usda,2026-02-04T04:40:40.267768
fb2cdf5e-f839-4291-8b9b-705d580230f8,1003,0.0,173577.0,usda,2026-02-04T04:40:40.267768
fb2cdf5e-f839-4291-8b9b-705d580230f8,1220,0.0,,usda,2026-02-04T04:40:40.267768
fb2cdf5e-f839-4291-8b9b-705d580230f8,1221,0.0,,usda,2026-02-04T04:40:40.267768
fb2cdf5e-f839-4291-8b9b-705d580230f8,1212,0.0,,usda,2026-02-04T04:40:40.267768
fb2cdf5e-f839-4291-8b9b-705d580230f8,1213,0.0,,usda,2026-02-04T04:40:40.267768
fb2cdf5e-f839-4291-8b9b-705d580230f8,1214,0.0,,usda,2026-02-04T04:40:40.267768
fb2cdf5e-f839-4291-8b9b-705d580230f8,1215,0.0,,usda,2026-02-04T04:40:40.267768
fb2cdf5e-f839-4291-8b9b-705d580230f8,1216,0.0,,usda,2026-02-04T04:40:40.267768
fb2cdf5e-f839-4291-8b9b-705d580230f8,1217,0.0,,usda,2026-02-04T04:40:40.267768
fb2cdf5e-f839-4291-8b9b-705d580230f8,1218,0.0,,usda,2026-02-04T04:40:40.267768
fb2cdf5e-f839-4291-8b9b-705d580230f8,1211,0.0,,usda,2026-02-04T04:40:40.267768
fb2cdf5e-f839-4291-8b9b-705d580230f8,1210,0.0,,usda,2026-02-04T04:40:40.267768
fb2cdf5e-f839-4291-8b9b-705d580230f8,1219,0.0,,usda,2026-02-04T04:40:40.267768
fb2cdf5e-f839-4291-8b9b-705d580230f8,1004,100.0,173577.0,usda,2026-02-04T04:40:40.267768
fb2cdf5e-f839-4291-8b9b-705d580230f8,1269,0.935,173577.0,usda,2026-02-04T04:40:40.267768
fb2cdf5e-f839-4291-8b9b-705d580230f8,1404,0.0,,usda,2026-02-04T04:40:40.267768
fb2cdf5e-f839-4291-8b9b-705d580230f8,1271,0.935,173577.0,usda,2026-02-04T04:40:40.267768
fb2cdf5e-f839-4291-8b9b-705d580230f8,1272,10.968,173577.0,usda,2026-02-04T04:40:40.267768
fb2cdf5e-f839-4291-8b9b-705d580230f8,1278,6.898,173577.0,usda,2026-02-04T04:40:40.267768
fb2cdf5e-f839-4291-8b9b-705d580230f8,1087,0.0,173577.0,usda,2026-02-04T04:40:40.267768
fb2cdf5e-f839-4291-8b9b-705d580230f8,1091,0.0,173577.0,usda,2026-02-04T04:40:40.267768
fb2cdf5e-f839-4291-8b9b-705d580230f8,1092,0.0,173577.0,usda,2026-02-04T04:40:40.267768
fb2cdf5e-f839-4291-8b9b-705d580230f8,1093,0.0,173577.0,usda,2026-02-04T04:40:40.267768
fb2cdf5e-f839-4291-8b9b-705d580230f8,1088,0.0,,usda,2026-02-04T04:40:40.267768
fb2cdf5e-f839-4291-8b9b-705d580230f8,1090,0.0,173577.0,usda,2026-02-04T04:40:40.267768
fb2cdf5e-f839-4291-8b9b-705d580230f8,1089,0.0,173577.0,usda,2026-02-04T04:40:40.267768
fb2cdf5e-f839-4291-8b9b-705d580230f8,1098,0.0,173577.0,usda,2026-02-04T04:40:40.267768
fb2cdf5e-f839-4291-8b9b-705d580230f8,1101,0.0,173577.0,usda,2026-02-04T04:40:40.267768
fb2cdf5e-f839-4291-8b9b-705d580230f8,1095,0.0,173577.0,usda,2026-02-04T04:40:40.267768
fb2cdf5e-f839-4291-8b9b-705d580230f8,1100,0.0,,usda,2026-02-04T04:40:40.267768
fb2cdf5e-f839-4291-8b9b-705d580230f8,1103,0.0,173577.0,usda,2026-02-04T04:40:40.267768
fb2cdf5e-f839-4291-8b9b-705d580230f8,1104,100000.0,173577.0,usda,2026-02-04T04:40:40.267768
fb2cdf5e-f839-4291-8b9b-705d580230f8,1110,10000.0,173577.0,usda,2026-02-04T04:40:40.267768
fb2cdf5e-f839-4291-8b9b-705d580230f8,1109,0.0,,usda,2026-02-04T04:40:40.267768
fb2cdf5e-f839-4291-8b9b-705d580230f8,1165,0.0,,usda,2026-02-04T04:40:40.267768
fb2cdf5e-f839-4291-8b9b-705d580230f8,1166,0.0,173577.0,usda,2026-02-04T04:40:40.267768
fb2cdf5e-f839-4291-8b9b-705d580230f8,1170,0.0,173577.0,usda,2026-02-04T04:40:40.267768
fb2cdf5e-f839-4291-8b9b-705d580230f8,1167,0.0,173577.0,usda,2026-02-04T04:40:40.267768
fb2cdf5e-f839-4291-8b9b-705d580230f8,1175,0.0,173577.0,usda,2026-02-04T04:40:40.267768
fb2cdf5e-f839-4291-8b9b-705d580230f8,1186,0.0,173577.0,usda,2026-02-04T04:40:40.267768
fb2cdf5e-f839-4291-8b9b-705d580230f8,1178,0.0,173577.0,usda,2026-02-04T04:40:40.267768
fb2cdf5e-f839-4291-8b9b-705d580230f8,1180,0.0,,usda,2026-02-04T04:40:40.267768
f22334e9-45c0-437a-a57c-c1ccf409697e,1008,163.0,174250.0,usda,2026-02-04T04:40:40.267768
f22334e9-45c0-437a-a57c-c1ccf409697e,1005,9.9,174250.0,usda,2026-02-04T04:40:40.267768
f22334e9-45c0-437a-a57c-c1ccf409697e,1079,0.0,174250.0,usda,2026-02-04T04:40:40.267768
f22334e9-45c0-437a-a57c-c1ccf409697e,1003,18.9,174250.0,usda,2026-02-04T04:40:40.267768
f22334e9-45c0-437a-a57c-c1ccf409697e,1220,1.379,174250.0,usda,2026-02-04T04:40:40.267768
f22334e9-45c0-437a-a57c-c1ccf409697e,1221,0.363,174250.0,usda,2026-02-04T04:40:40.267768
f22334e9-45c0-437a-a57c-c1ccf409697e,1212,0.823,174250.0,usda,2026-02-04T04:40:40.267768
f22334e9-45c0-437a-a57c-c1ccf409697e,1213,1.331,174250.0,usda,2026-02-04T04:40:40.267768
f22334e9-45c0-437a-a57c-c1ccf409697e,1214,1.412,174250.0,usda,2026-02-04T04:40:40.267768
f22334e9-45c0-437a-a57c-c1ccf409697e,1215,0.426,174250.0,usda,2026-02-04T04:40:40.267768
f22334e9-45c0-437a-a57c-c1ccf409697e,1216,0.248,174250.0,usda,2026-02-04T04:40:40.267768
f22334e9-45c0-437a-a57c-c1ccf409697e,1217,0.677,174250.0,usda,2026-02-04T04:40:40.267768
f22334e9-45c0-437a-a57c-c1ccf409697e,1218,0.605,174250.0,usda,2026-02-04T04:40:40.267768
f22334e9-45c0-437a-a57c-c1ccf409697e,1211,0.813,174250.0,usda,2026-02-04T04:40:40.267768
f22334e9-45c0-437a-a57c-c1ccf409697e,1210,0.212,174250.0,usda,2026-02-04T04:40:40.267768
f22334e9-45c0-437a-a57c-c1ccf409697e,1219,0.826,174250.0,usda,2026-02-04T04:40:40.267768
f22334e9-45c0-437a-a57c-c1ccf409697e,1004,4.6,174250.0,usda,2026-02-04T04:40:40.267768
f22334e9-45c0-437a-a57c-c1ccf409697e,1269,0.064,174250.0,usda,2026-02-04T04:40:40.267768
f22334e9-45c0-437a-a57c-c1ccf409697e,1404,0.0,,usda,2026-02-04T04:40:40.267768
f22334e9-45c0-437a-a57c-c1ccf409697e,1271,0.076,174250.0,usda,2026-02-04T04:40:40.267768
f22334e9-45c0-437a-a57c-c1ccf409697e,1272,0.5,174250.0,usda,2026-02-04T04:40:40.267768
f22334e9-45c0-437a-a57c-c1ccf409697e,1278,0.876,174250.0,usda,2026-02-04T04:40:40.267768
f22334e9-45c0-437a-a57c-c1ccf409697e,1087,16.0,174250.0,usda,2026-02-04T04:40:40.267768
f22334e9-45c0-437a-a57c-c1ccf409697e,1091,243.0,174250.0,usda,2026-02-04T04:40:40.267768
f22334e9-45c0-437a-a57c-c1ccf409697e,1092,302.0,174250.0,usda,2026-02-04T04:40:40.267768
f22334e9-45c0-437a-a57c-c1ccf409697e,1093,212.0,174250.0,usda,2026-02-04T04:40:40.267768
f22334e9-45c0-437a-a57c-c1ccf409697e,1088,0.0,,usda,2026-02-04T04:40:40.267768
f22334e9-45c0-437a-a57c-c1ccf409697e,1090,44.0,174250.0,usda,2026-02-04T04:40:40.267768
f22334e9-45c0-437a-a57c-c1ccf409697e,1089,9.2,174250.0,usda,2026-02-04T04:40:40.267768
f22334e9-45c0-437a-a57c-c1ccf409697e,1098,2.679,174250.0,usda,2026-02-04T04:40:40.267768
f22334e9-45c0-437a-a57c-c1ccf409697e,1101,1.222,174250.0,usda,2026-02-04T04:40:40.267768
f22334e9-45c0-437a-a57c-c1ccf409697e,1095,33.24,174250.0,usda,2026-02-04T04:40:40.267768
f22334e9-45c0-437a-a57c-c1ccf409697e,1100,0.0,,usda,2026-02-04T04:40:40.267768
f22334e9-45c0-437a-a57c-c1ccf409697e,1103,154.0,174250.0,usda,2026-02-04T04:40:40.267768
f22334e9-45c0-437a-a57c-c1ccf409697e,1104,487.0,174250.0,usda,2026-02-04T04:40:40.267768
f22334e9-45c0-437a-a57c-c1ccf409697e,1110,0.0,,usda,2026-02-04T04:40:40.267768
f22334e9-45c0-437a-a57c-c1ccf409697e,1109,0.85,174250.0,usda,2026-02-04T04:40:40.267768
f22334e9-45c0-437a-a57c-c1ccf409697e,1165,0.127,174250.0,usda,2026-02-04T04:40:40.267768
f22334e9-45c0-437a-a57c-c1ccf409697e,1166,0.443,174250.0,usda,2026-02-04T04:40:40.267768
f22334e9-45c0-437a-a57c-c1ccf409697e,1170,0.9,174250.0,usda,2026-02-04T04:40:40.267768
f22334e9-45c0-437a-a57c-c1ccf409697e,1167,3.618,174250.0,usda,2026-02-04T04:40:40.267768
f22334e9-45c0-437a-a57c-c1ccf409697e,1175,0.09,174250.0,usda,2026-02-04T04:40:40.267768
f22334e9-45c0-437a-a57c-c1ccf409697e,1186,0.0,174250.0,usda,2026-02-04T04:40:40.267768
f22334e9-45c0-437a-a57c-c1ccf409697e,1178,28.8,174250.0,usda,2026-02-04T04:40:40.267768
f22334e9-45c0-437a-a57c-c1ccf409697e,1180,0.0,,usda,2026-02-04T04:40:40.267768
5851a21b-d91d-4e36-8c96-ec82b7486ab7,1008,206.0,175168.0,usda,2026-02-04T04:40:40.267768
5851a21b-d91d-4e36-8c96-ec82b7486ab7,1005,0.0,175168.0,usda,2026-02-04T04:40:40.267768
5851a21b-d91d-4e36-8c96-ec82b7486ab7,1079,0.0,175168.0,usda,2026-02-04T04:40:40.267768
5851a21b-d91d-4e36-8c96-ec82b7486ab7,1003,22.1,175168.0,usda,2026-02-04T04:40:40.267768
5851a21b-d91d-4e36-8c96-ec82b7486ab7,1220,1.322,175168.0,usda,2026-02-04T04:40:40.267768
5851a21b-d91d-4e36-8c96-ec82b7486ab7,1221,0.651,175168.0,usda,2026-02-04T04:40:40.267768
5851a21b-d91d-4e36-8c96-ec82b7486ab7,1212,1.018,175168.0,usda,2026-02-04T04:40:40.267768
5851a21b-d91d-4e36-8c96-ec82b7486ab7,1213,1.796,175168.0,usda,2026-02-04T04:40:40.267768
5851a21b-d91d-4e36-8c96-ec82b7486ab7,1214,2.03,175168.0,usda,2026-02-04T04:40:40.267768
5851a21b-d91d-4e36-8c96-ec82b7486ab7,1215,0.654,175168.0,usda,2026-02-04T04:40:40.267768
5851a21b-d91d-4e36-8c96-ec82b7486ab7,1216,0.237,175168.0,usda,2026-02-04T04:40:40.267768
5851a21b-d91d-4e36-8c96-ec82b7486ab7,1217,0.863,175168.0,usda,2026-02-04T04:40:40.267768
5851a21b-d91d-4e36-8c96-ec82b7486ab7,1218,0.746,175168.0,usda,2026-02-04T04:40:40.267768
5851a21b-d91d-4e36-8c96-ec82b7486ab7,1211,0.969,175168.0,usda,2026-02-04T04:40:40.267768
5851a21b-d91d-4e36-8c96-ec82b7486ab7,1210,0.248,175168.0,usda,2026-02-04T04:40:40.267768
5851a21b-d91d-4e36-8c96-ec82b7486ab7,1219,1.139,175168.0,usda,2026-02-04T04:40:40.267768
5851a21b-d91d-4e36-8c96-ec82b7486ab7,1004,12.35,175168.0,usda,2026-02-04T04:40:40.267768
5851a21b-d91d-4e36-8c96-ec82b7486ab7,1269,0.666,175168.0,usda,2026-02-04T04:40:40.267768
5851a21b-d91d-4e36-8c96-ec82b7486ab7,1404,0.0,,usda,2026-02-04T04:40:40.267768
5851a21b-d91d-4e36-8c96-ec82b7486ab7,1271,1.273,175168.0,usda,2026-02-04T04:40:40.267768
5851a21b-d91d-4e36-8c96-ec82b7486ab7,1272,1.457,175168.0,usda,2026-02-04T04:40:40.267768
5851a21b-d91d-4e36-8c96-ec82b7486ab7,1278,0.69,175168.0,usda,2026-02-04T04:40:40.267768
5851a21b-d91d-4e36-8c96-ec82b7486ab7,1087,15.0,175168.0,usda,2026-02-04T04:40:40.267768
5851a21b-d91d-4e36-8c96-ec82b7486ab7,1091,252.0,175168.0,usda,2026-02-04T04:40:40.267768
5851a21b-d91d-4e36-8c96-ec82b7486ab7,1092,384.0,175168.0,usda,2026-02-04T04:40:40.267768
5851a21b-d91d-4e36-8c96-ec82b7486ab7,1093,61.0,175168.0,usda,2026-02-04T04:40:40.267768
5851a21b-d91d-4e36-8c96-ec82b7486ab7,1088,0.0,,usda,2026-02-04T04:40:40.267768
5851a21b-d91d-4e36-8c96-ec82b7486ab7,1090,30.0,175168.0,usda,2026-02-04T04:40:40.267768
5851a21b-d91d-4e36-8c96-ec82b7486ab7,1089,0.34,175168.0,usda,2026-02-04T04:40:40.267768
5851a21b-d91d-4e36-8c96-ec82b7486ab7,1098,0.049,175168.0,usda,2026-02-04T04:40:40.267768
5851a21b-d91d-4e36-8c96-ec82b7486ab7,1101,0.016,175168.0,usda,2026-02-04T04:40:40.267768
5851a21b-d91d-4e36-8c96-ec82b7486ab7,1095,0.43,175168.0,usda,2026-02-04T04:40:40.267768
5851a21b-d91d-4e36-8c96-ec82b7486ab7,1100,0.0,,usda,2026-02-04T04:40:40.267768
5851a21b-d91d-4e36-8c96-ec82b7486ab7,1103,41.4,175168.0,usda,2026-02-04T04:40:40.267768
5851a21b-d91d-4e36-8c96-ec82b7486ab7,1104,230.0,175168.0,usda,2026-02-04T04:40:40.267768
5851a21b-d91d-4e36-8c96-ec82b7486ab7,1110,526.0,175168.0,usda,2026-02-04T04:40:40.267768
5851a21b-d91d-4e36-8c96-ec82b7486ab7,1109,1.14,175168.0,usda,2026-02-04T04:40:40.267768
5851a21b-d91d-4e36-8c96-ec82b7486ab7,1165,0.34,175168.0,usda,2026-02-04T04:40:40.267768
5851a21b-d91d-4e36-8c96-ec82b7486ab7,1166,0.135,175168.0,usda,2026-02-04T04:40:40.267768
5851a21b-d91d-4e36-8c96-ec82b7486ab7,1170,1.475,175168.0,usda,2026-02-04T04:40:40.267768
5851a21b-d91d-4e36-8c96-ec82b7486ab7,1167,8.045,175168.0,usda,2026-02-04T04:40:40.267768
5851a21b-d91d-4e36-8c96-ec82b7486ab7,1175,0.647,175168.0,usda,2026-02-04T04:40:40.267768
5851a21b-d91d-4e36-8c96-ec82b7486ab7,1186,0.0,175168.0,usda,2026-02-04T04:40:40.267768
5851a21b-d91d-4e36-8c96-ec82b7486ab7,1178,2.8,175168.0,usda,2026-02-04T04:40:40.267768
5851a21b-d91d-4e36-8c96-ec82b7486ab7,1180,90.5,175168.0,usda,2026-02-04T04:40:40.267768
c0f21b26-118d-4c08-b3f7-f517ee6eda18,1008,99.0,175180.0,usda,2026-02-04T04:40:40.267768
c0f21b26-118d-4c08-b3f7-f517ee6eda18,1005,0.2,175180.0,usda,2026-02-04T04:40:40.267768
c0f21b26-118d-4c08-b3f7-f517ee6eda18,1079,0.0,,usda,2026-02-04T04:40:40.267768
c0f21b26-118d-4c08-b3f7-f517ee6eda18,1003,23.98,175180.0,usda,2026-02-04T04:40:40.267768
c0f21b26-118d-4c08-b3f7-f517ee6eda18,1220,0.0,,usda,2026-02-04T04:40:40.267768
c0f21b26-118d-4c08-b3f7-f517ee6eda18,1221,0.0,,usda,2026-02-04T04:40:40.267768
c0f21b26-118d-4c08-b3f7-f517ee6eda18,1212,0.0,,usda,2026-02-04T04:40:40.267768
c0f21b26-118d-4c08-b3f7-f517ee6eda18,1213,0.0,,usda,2026-02-04T04:40:40.267768
c0f21b26-118d-4c08-b3f7-f517ee6eda18,1214,0.0,,usda,2026-02-04T04:40:40.267768
c0f21b26-118d-4c08-b3f7-f517ee6eda18,1215,0.0,,usda,2026-02-04T04:40:40.267768
c0f21b26-118d-4c08-b3f7-f517ee6eda18,1216,0.0,,usda,2026-02-04T04:40:40.267768
c0f21b26-118d-4c08-b3f7-f517ee6eda18,1217,0.0,,usda,2026-02-04T04:40:40.267768
c0f21b26-118d-4c08-b3f7-f517ee6eda18,1218,0.0,,usda,2026-02-04T04:40:40.267768
c0f21b26-118d-4c08-b3f7-f517ee6eda18,1211,0.0,,usda,2026-02-04T04:40:40.267768
c0f21b26-118d-4c08-b3f7-f517ee6eda18,1210,0.0,,usda,2026-02-04T04:40:40.267768
c0f21b26-118d-4c08-b3f7-f517ee6eda18,1219,0.0,,usda,2026-02-04T04:40:40.267768
c0f21b26-118d-4c08-b3f7-f517ee6eda18,1004,0.28,175180.0,usda,2026-02-04T04:40:40.267768
c0f21b26-118d-4c08-b3f7-f517ee6eda18,1269,0.018,175180.0,usda,2026-02-04T04:40:40.267768
c0f21b26-118d-4c08-b3f7-f517ee6eda18,1404,0.001,175180.0,usda,2026-02-04T04:40:40.267768
c0f21b26-118d-4c08-b3f7-f517ee6eda18,1271,0.007,175180.0,usda,2026-02-04T04:40:40.267768
c0f21b26-118d-4c08-b3f7-f517ee6eda18,1272,0.015,175180.0,usda,2026-02-04T04:40:40.267768
c0f21b26-118d-4c08-b3f7-f517ee6eda18,1278,0.015,175180.0,usda,2026-02-04T04:40:40.267768
c0f21b26-118d-4c08-b3f7-f517ee6eda18,1087,70.0,175180.0,usda,2026-02-04T04:40:40.267768
c0f21b26-118d-4c08-b3f7-f517ee6eda18,1091,237.0,175180.0,usda,2026-02-04T04:40:40.267768
c0f21b26-118d-4c08-b3f7-f517ee6eda18,1092,259.0,175180.0,usda,2026-02-04T04:40:40.267768
c0f21b26-118d-4c08-b3f7-f517ee6eda18,1093,111.0,175180.0,usda,2026-02-04T04:40:40.267768
c0f21b26-118d-4c08-b3f7-f517ee6eda18,1088,0.0,,usda,2026-02-04T04:40:40.267768
c0f21b26-118d-4c08-b3f7-f517ee6eda18,1090,39.0,175180.0,usda,2026-02-04T04:40:40.267768
c0f21b26-118d-4c08-b3f7-f517ee6eda18,1089,0.51,175180.0,usda,2026-02-04T04:40:40.267768
c0f21b26-118d-4c08-b3f7-f517ee6eda18,1098,0.379,175180.0,usda,2026-02-04T04:40:40.267768
c0f21b26-118d-4c08-b3f7-f517ee6eda18,1101,0.033,175180.0,usda,2026-02-04T04:40:40.267768
c0f21b26-118d-4c08-b3f7-f517ee6eda18,1095,1.64,175180.0,usda,2026-02-04T04:40:40.267768
c0f21b26-118d-4c08-b3f7-f517ee6eda18,1100,0.0,,usda,2026-02-04T04:40:40.267768
c0f21b26-118d-4c08-b3f7-f517ee6eda18,1103,0.0,,usda,2026-02-04T04:40:40.267768
c0f21b26-118d-4c08-b3f7-f517ee6eda18,1104,0.0,,usda,2026-02-04T04:40:40.267768
c0f21b26-118d-4c08-b3f7-f517ee6eda18,1110,0.0,,usda,2026-02-04T04:40:40.267768
c0f21b26-118d-4c08-b3f7-f517ee6eda18,1109,0.0,,usda,2026-02-04T04:40:40.267768
c0f21b26-118d-4c08-b3f7-f517ee6eda18,1165,0.0,,usda,2026-02-04T04:40:40.267768
c0f21b26-118d-4c08-b3f7-f517ee6eda18,1166,0.0,,usda,2026-02-04T04:40:40.267768
c0f21b26-118d-4c08-b3f7-f517ee6eda18,1170,0.0,,usda,2026-02-04T04:40:40.267768
c0f21b26-118d-4c08-b3f7-f517ee6eda18,1167,0.0,,usda,2026-02-04T04:40:40.267768
c0f21b26-118d-4c08-b3f7-f517ee6eda18,1175,0.0,,usda,2026-02-04T04:40:40.267768
c0f21b26-118d-4c08-b3f7-f517ee6eda18,1186,0.0,,usda,2026-02-04T04:40:40.267768
c0f21b26-118d-4c08-b3f7-f517ee6eda18,1178,0.0,,usda,2026-02-04T04:40:40.267768
c0f21b26-118d-4c08-b3f7-f517ee6eda18,1180,0.0,,usda,2026-02-04T04:40:40.267768
8d62fbf2-9881-4966-ade0-98dac7636b0b,1008,0.0,,usda,2026-02-04T04:40:40.267768
8d62fbf2-9881-4966-ade0-98dac7636b0b,1005,0.42,746775.0,usda,2026-02-04T04:40:40.267768
8d62fbf2-9881-4966-ade0-98dac7636b0b,1079,0.0,,usda,2026-02-04T04:40:40.267768
8d62fbf2-9881-4966-ade0-98dac7636b0b,1003,0.0,,usda,2026-02-04T04:40:40.267768
8d62fbf2-9881-4966-ade0-98dac7636b0b,1220,0.0,,usda,2026-02-04T04:40:40.267768
8d62fbf2-9881-4966-ade0-98dac7636b0b,1221,0.0,,usda,2026-02-04T04:40:40.267768
8d62fbf2-9881-4966-ade0-98dac7636b0b,1212,0.0,,usda,2026-02-04T04:40:40.267768
8d62fbf2-9881-4966-ade0-98dac7636b0b,1213,0.0,,usda,2026-02-04T04:40:40.267768
8d62fbf2-9881-4966-ade0-98dac7636b0b,1214,0.0,,usda,2026-02-04T04:40:40.267768
8d62fbf2-9881-4966-ade0-98dac7636b0b,1215,0.0,,usda,2026-02-04T04:40:40.267768
8d62fbf2-9881-4966-ade0-98dac7636b0b,1216,0.0,,usda,2026-02-04T04:40:40.267768
8d62fbf2-9881-4966-ade0-98dac7636b0b,1217,0.0,,usda,2026-02-04T04:40:40.267768
8d62fbf2-9881-4966-ade0-98dac7636b0b,1218,0.0,,usda,2026-02-04T04:40:40.267768
8d62fbf2-9881-4966-ade0-98dac7636b0b,1211,0.0,,usda,2026-02-04T04:40:40.267768
8d62fbf2-9881-4966-ade0-98dac7636b0b,1210,0.0,,usda,2026-02-04T04:40:40.267768
8d62fbf2-9881-4966-ade0-98dac7636b0b,1219,0.0,,usda,2026-02-04T04:40:40.267768
8d62fbf2-9881-4966-ade0-98dac7636b0b,1004,0.0,,usda,2026-02-04T04:40:40.267768
8d62fbf2-9881-4966-ade0-98dac7636b0b,1269,0.0,,usda,2026-02-04T04:40:40.267768
8d62fbf2-9881-4966-ade0-98dac7636b0b,1404,0.0,,usda,2026-02-04T04:40:40.267768
8d62fbf2-9881-4966-ade0-98dac7636b0b,1271,0.0,,usda,2026-02-04T04:40:40.267768
8d62fbf2-9881-4966-ade0-98dac7636b0b,1272,0.0,,usda,2026-02-04T04:40:40.267768
8d62fbf2-9881-4966-ade0-98dac7636b0b,1278,0.0,,usda,2026-02-04T04:40:40.267768
8d62fbf2-9881-4966-ade0-98dac7636b0b,1087,50.0,746775.0,usda,2026-02-04T04:40:40.267768
8d62fbf2-9881-4966-ade0-98dac7636b0b,1091,0.0,746775.0,usda,2026-02-04T04:40:40.267768
8d62fbf2-9881-4966-ade0-98dac7636b0b,1092,2.0,746775.0,usda,2026-02-04T04:40:40.267768
8d62fbf2-9881-4966-ade0-98dac7636b0b,1093,38700.0,746775.0,usda,2026-02-04T04:40:40.267768
8d62fbf2-9881-4966-ade0-98dac7636b0b,1088,0.0,,usda,2026-02-04T04:40:40.267768
8d62fbf2-9881-4966-ade0-98dac7636b0b,1090,0.0,746775.0,usda,2026-02-04T04:40:40.267768
8d62fbf2-9881-4966-ade0-98dac7636b0b,1089,0.0,746775.0,usda,2026-02-04T04:40:40.267768
8d62fbf2-9881-4966-ade0-98dac7636b0b,1098,0.0,746775.0,usda,2026-02-04T04:40:40.267768
8d62fbf2-9881-4966-ade0-98dac7636b0b,1101,0.032,746775.0,usda,2026-02-04T04:40:40.267768
8d62fbf2-9881-4966-ade0-98dac7636b0b,1095,0.0,746775.0,usda,2026-02-04T04:40:40.267768
8d62fbf2-9881-4966-ade0-98dac7636b0b,1100,5080.0,746775.0,usda,2026-02-04T04:40:40.267768
8d62fbf2-9881-4966-ade0-98dac7636b0b,1103,0.0,,usda,2026-02-04T04:40:40.267768
8d62fbf2-9881-4966-ade0-98dac7636b0b,1104,0.0,,usda,2026-02-04T04:40:40.267768
8d62fbf2-9881-4966-ade0-98dac7636b0b,1110,0.0,,usda,2026-02-04T04:40:40.267768
8d62fbf2-9881-4966-ade0-98dac7636b0b,1109,0.0,,usda,2026-02-04T04:40:40.267768
8d62fbf2-9881-4966-ade0-98dac7636b0b,1165,0.0,,usda,2026-02-04T04:40:40.267768
8d62fbf2-9881-4966-ade0-98dac7636b0b,1166,0.0,,usda,2026-02-04T04:40:40.267768
8d62fbf2-9881-4966-ade0-98dac7636b0b,1170,0.0,,usda,2026-02-04T04:40:40.267768
8d62fbf2-9881-4966-ade0-98dac7636b0b,1167,0.0,,usda,2026-02-04T04:40:40.267768
8d62fbf2-9881-4966-ade0-98dac7636b0b,1175,0.0,,usda,2026-02-04T04:40:40.267768
8d62fbf2-9881-4966-ade0-98dac7636b0b,1186,0.0,,usda,2026-02-04T04:40:40.267768
8d62fbf2-9881-4966-ade0-98dac7636b0b,1178,0.0,,usda,2026-02-04T04:40:40.267768
8d62fbf2-9881-4966-ade0-98dac7636b0b,1180,0.0,,usda,2026-02-04T04:40:40.267768
731e79d8-e7ad-4c26-b63c-553e62c7004f,1008,350.0,1742558.0,usda,2026-02-04T04:40:40.267768
731e79d8-e7ad-4c26-b63c-553e62c7004f,1005,88.9,1742558.0,usda,2026-02-04T04:40:40.267768
731e79d8-e7ad-4c26-b63c-553e62c7004f,1079,70.0,1742558.0,usda,2026-02-04T04:40:40.267768
731e79d8-e7ad-4c26-b63c-553e62c7004f,1003,0.0,,usda,2026-02-04T04:40:40.267768
731e79d8-e7ad-4c26-b63c-553e62c7004f,1220,0.0,,usda,2026-02-04T04:40:40.267768
731e79d8-e7ad-4c26-b63c-553e62c7004f,1221,0.0,,usda,2026-02-04T04:40:40.267768
731e79d8-e7ad-4c26-b63c-553e62c7004f,1212,0.0,,usda,2026-02-04T04:40:40.267768
731e79d8-e7ad-4c26-b63c-553e62c7004f,1213,0.0,,usda,2026-02-04T04:40:40.267768
731e79d8-e7ad-4c26-b63c-553e62c7004f,1214,0.0,,usda,2026-02-04T04:40:40.267768
731e79d8-e7ad-4c26-b63c-553e62c7004f,1215,0.0,,usda,2026-02-04T04:40:40.267768
731e79d8-e7ad-4c26-b63c-553e62c7004f,1216,0.0,,usda,2026-02-04T04:40:40.267768
731e79d8-e7ad-4c26-b63c-553e62c7004f,1217,0.0,,usda,2026-02-04T04:40:40.267768
731e79d8-e7ad-4c26-b63c-553e62c7004f,1218,0.0,,usda,2026-02-04T04:40:40.267768
731e79d8-e7ad-4c26-b63c-553e62c7004f,1211,0.0,,usda,2026-02-04T04:40:40.267768
731e79d8-e7ad-4c26-b63c-553e62c7004f,1210,0.0,,usda,2026-02-04T04:40:40.267768
731e79d8-e7ad-4c26-b63c-553e62c7004f,1219,0.0,,usda,2026-02-04T04:40:40.267768
731e79d8-e7ad-4c26-b63c-553e62c7004f,1004,0.0,,usda,2026-02-04T04:40:40.267768
731e79d8-e7ad-4c26-b63c-553e62c7004f,1269,0.0,,usda,2026-02-04T04:40:40.267768
731e79d8-e7ad-4c26-b63c-553e62c7004f,1404,0.0,,usda,2026-02-04T04:40:40.267768
731e79d8-e7ad-4c26-b63c-553e62c7004f,1271,0.0,,usda,2026-02-04T04:40:40.267768
731e79d8-e7ad-4c26-b63c-553e62c7004f,1272,0.0,,usda,2026-02-04T04:40:40.267768
731e79d8-e7ad-4c26-b63c-553e62c7004f,1278,0.0,,usda,2026-02-04T04:40:40.267768
731e79d8-e7ad-4c26-b63c-553e62c7004f,1087,0.0,,usda,2026-02-04T04:40:40.267768
731e79d8-e7ad-4c26-b63c-553e62c7004f,1091,0.0,,usda,2026-02-04T04:40:40.267768
731e79d8-e7ad-4c26-b63c-553e62c7004f,1092,970.0,1742558.0,usda,2026-02-04T04:40:40.267768
731e79d8-e7ad-4c26-b63c-553e62c7004f,1093,0.0,,usda,2026-02-04T04:40:40.267768
731e79d8-e7ad-4c26-b63c-553e62c7004f,1088,0.0,,usda,2026-02-04T04:40:40.267768
731e79d8-e7ad-4c26-b63c-553e62c7004f,1090,0.0,,usda,2026-02-04T04:40:40.267768
731e79d8-e7ad-4c26-b63c-553e62c7004f,1089,17.0,1742558.0,usda,2026-02-04T04:40:40.267768
731e79d8-e7ad-4c26-b63c-553e62c7004f,1098,0.0,,usda,2026-02-04T04:40:40.267768
731e79d8-e7ad-4c26-b63c-553e62c7004f,1101,0.0,,usda,2026-02-04T04:40:40.267768
731e79d8-e7ad-4c26-b63c-553e62c7004f,1095,0.0,,usda,2026-02-04T04:40:40.267768
731e79d8-e7ad-4c26-b63c-553e62c7004f,1100,0.0,,usda,2026-02-04T04:40:40.267768
731e79d8-e7ad-4c26-b63c-553e62c7004f,1103,0.0,,usda,2026-02-04T04:40:40.267768
731e79d8-e7ad-4c26-b63c-553e62c7004f,1104,0.0,,usda,2026-02-04T04:40:40.267768
731e79d8-e7ad-4c26-b63c-553e62c7004f,1110,0.0,,usda,2026-02-04T04:40:40.267768
731e79d8-e7ad-4c26-b63c-553e62c7004f,1109,0.0,,usda,2026-02-04T04:40:40.267768
731e79d8-e7ad-4c26-b63c-553e62c7004f,1165,0.0,,usda,2026-02-04T04:40:40.267768
731e79d8-e7ad-4c26-b63c-553e62c7004f,1166,0.0,,usda,2026-02-04T04:40:40.267768
731e79d8-e7ad-4c26-b63c-553e62c7004f,1170,0.0,,usda,2026-02-04T04:40:40.267768
731e79d8-e7ad-4c26-b63c-553e62c7004f,1167,0.0,,usda,2026-02-04T04:40:40.267768
731e79d8-e7ad-4c26-b63c-553e62c7004f,1175,0.0,,usda,2026-02-04T04:40:40.267768
731e79d8-e7ad-4c26-b63c-553e62c7004f,1186,0.0,,usda,2026-02-04T04:40:40.267768
731e79d8-e7ad-4c26-b63c-553e62c7004f,1178,0.0,,usda,2026-02-04T04:40:40.267768
731e79d8-e7ad-4c26-b63c-553e62c7004f,1180,0.0,,usda,2026-02-04T04:40:40.267768
456c1f45-6c6a-4ab8-8518-75afcdc772c8,1008,0.0,,usda,2026-02-04T04:40:40.267768
456c1f45-6c6a-4ab8-8518-75afcdc772c8,1005,22.0,2375721.0,usda,2026-02-04T04:40:40.267768
456c1f45-6c6a-4ab8-8518-75afcdc772c8,1079,0.0,,usda,2026-02-04T04:40:40.267768
456c1f45-6c6a-4ab8-8518-75afcdc772c8,1003,5.0,2375721.0,usda,2026-02-04T04:40:40.267768
456c1f45-6c6a-4ab8-8518-75afcdc772c8,1220,0.0,,usda,2026-02-04T04:40:40.267768
456c1f45-6c6a-4ab8-8518-75afcdc772c8,1221,0.0,,usda,2026-02-04T04:40:40.267768
456c1f45-6c6a-4ab8-8518-75afcdc772c8,1212,0.0,,usda,2026-02-04T04:40:40.267768
456c1f45-6c6a-4ab8-8518-75afcdc772c8,1213,0.0,,usda,2026-02-04T04:40:40.267768
456c1f45-6c6a-4ab8-8518-75afcdc772c8,1214,0.0,,usda,2026-02-04T04:40:40.267768
456c1f45-6c6a-4ab8-8518-75afcdc772c8,1215,0.0,,usda,2026-02-04T04:40:40.267768
456c1f45-6c6a-4ab8-8518-75afcdc772c8,1216,0.0,,usda,2026-02-04T04:40:40.267768
456c1f45-6c6a-4ab8-8518-75afcdc772c8,1217,0.0,,usda,2026-02-04T04:40:40.267768
456c1f45-6c6a-4ab8-8518-75afcdc772c8,1218,0.0,,usda,2026-02-04T04:40:40.267768
456c1f45-6c6a-4ab8-8518-75afcdc772c8,1211,0.0,,usda,2026-02-04T04:40:40.267768
456c1f45-6c6a-4ab8-8518-75afcdc772c8,1210,0.0,,usda,2026-02-04T04:40:40.267768
456c1f45-6c6a-4ab8-8518-75afcdc772c8,1219,0.0,,usda,2026-02-04T04:40:40.267768
456c1f45-6c6a-4ab8-8518-75afcdc772c8,1004,0.0,,usda,2026-02-04T04:40:40.267768
456c1f45-6c6a-4ab8-8518-75afcdc772c8,1269,0.0,,usda,2026-02-04T04:40:40.267768
456c1f45-6c6a-4ab8-8518-75afcdc772c8,1404,0.0,,usda,2026-02-04T04:40:40.267768
456c1f45-6c6a-4ab8-8518-75afcdc772c8,1271,0.0,,usda,2026-02-04T04:40:40.267768
456c1f45-6c6a-4ab8-8518-75afcdc772c8,1272,0.0,,usda,2026-02-04T04:40:40.267768
456c1f45-6c6a-4ab8-8518-75afcdc772c8,1278,0.0,,usda,2026-02-04T04:40:40.267768
456c1f45-6c6a-4ab8-8518-75afcdc772c8,1087,40000.0,2375721.0,usda,2026-02-04T04:40:40.267768
456c1f45-6c6a-4ab8-8518-75afcdc772c8,1091,200.0,2375721.0,usda,2026-02-04T04:40:40.267768
456c1f45-6c6a-4ab8-8518-75afcdc772c8,1092,0.0,,usda,2026-02-04T04:40:40.267768
456c1f45-6c6a-4ab8-8518-75afcdc772c8,1093,0.0,,usda,2026-02-04T04:40:40.267768
456c1f45-6c6a-4ab8-8518-75afcdc772c8,1088,0.0,,usda,2026-02-04T04:40:40.267768
456c1f45-6c6a-4ab8-8518-75afcdc772c8,1090,400.0,2375721.0,usda,2026-02-04T04:40:40.267768
456c1f45-6c6a-4ab8-8518-75afcdc772c8,1089,0.0,,usda,2026-02-04T04:40:40.267768
456c1f45-6c6a-4ab8-8518-75afcdc772c8,1098,0.0,,usda,2026-02-04T04:40:40.267768
456c1f45-6c6a-4ab8-8518-75afcdc772c8,1101,0.0,,usda,2026-02-04T04:40:40.267768
456c1f45-6c6a-4ab8-8518-75afcdc772c8,1095,0.0,,usda,2026-02-04T04:40:40.267768
456c1f45-6c6a-4ab8-8518-75afcdc772c8,1100,0.0,,usda,2026-02-04T04:40:40.267768
456c1f45-6c6a-4ab8-8518-75afcdc772c8,1103,37.0,2375721.0,usda,2026-02-04T04:40:40.267768
456c1f45-6c6a-4ab8-8518-75afcdc772c8,1104,0.0,,usda,2026-02-04T04:40:40.267768
456c1f45-6c6a-4ab8-8518-75afcdc772c8,1110,0.0,,usda,2026-02-04T04:40:40.267768
456c1f45-6c6a-4ab8-8518-75afcdc772c8,1109,0.0,,usda,2026-02-04T04:40:40.267768
456c1f45-6c6a-4ab8-8518-75afcdc772c8,1165,0.0,,usda,2026-02-04T04:40:40.267768
456c1f45-6c6a-4ab8-8518-75afcdc772c8,1166,0.0,,usda,2026-02-04T04:40:40.267768
456c1f45-6c6a-4ab8-8518-75afcdc772c8,1170,0.0,,usda,2026-02-04T04:40:40.267768
456c1f45-6c6a-4ab8-8518-75afcdc772c8,1167,0.0,,usda,2026-02-04T04:40:40.267768
456c1f45-6c6a-4ab8-8518-75afcdc772c8,1175,0.0,,usda,2026-02-04T04:40:40.267768
456c1f45-6c6a-4ab8-8518-75afcdc772c8,1186,0.0,,usda,2026-02-04T04:40:40.267768
456c1f45-6c6a-4ab8-8518-75afcdc772c8,1178,0.0,,usda,2026-02-04T04:40:40.267768
456c1f45-6c6a-4ab8-8518-75afcdc772c8,1180,0.0,,usda,2026-02-04T04:40:40.267768
