ingredient_id,nutrient_id,amount,data_source,create_at
167702,1003,0.11,built_in,
167702,1004,99.98,built_in,
167702,1005,0,built_in,
167702,1008,884,built_in,
167702,1051,0.12,built_in,
167702,1079,0,built_in,
167702,1087,1,built_in,
167702,1088,0,built_in,
167702,1089,0,built_in,
167702,1090,0,built_in,
167702,1091,1,built_in,
167702,1092,0,built_in,
167702,1093,0,built_in,
167702,1095,0.07,built_in,
167702,1098,0,built_in,
167702,1100,0,built_in,
167702,1101,0,built_in,
167702,1103,0,built_in,
167702,1104,0,built_in,
167702,1110,0,built_in,
167702,1109,0.47,built_in,
167702,1165,0,built_in,
167702,1166,0,built_in,
167702,1167,0,built_in,
167702,1170,0,built_in,
167702,1171,0,built_in,
167702,1178,0,built_in,
167702,1180,0.2,built_in,
167702,1186,0,built_in,
167702,1210,0,built_in,
167702,1211,0,built_in,
167702,1212,0,built_in,
167702,1213,0,built_in,
167702,1214,0,built_in,
167702,1215,0,built_in,
167702,1216,0,built_in,
167702,1217,0,built_in,
167702,1218,0,built_in,
167702,1219,0,built_in,
167702,1220,0,built_in,
167702,1221,0,built_in,
167702,1269,14.327,built_in,
167702,1270,53.368,built_in,
167702,1272,0,built_in,
167702,1278,0,built_in,
167702,1316,14.246,built_in,
167702,1404,53.368,built_in,
168390,1003,2.4,built_in,
168390,1004,0.22,built_in,
168390,1005,4.11,built_in,
168390,1008,22,built_in,
168390,1051,92.63,built_in,
168390,1079,2,built_in,
168390,1087,23,built_in,
168390,1088,0,built_in,
168390,1089,0.91,built_in,
168390,1090,14,built_in,
168390,1091,54,built_in,
168390,1092,224,built_in,
168390,1093,14,built_in,
168390,1095,0.6,built_in,
168390,1098,0.165,built_in,
168390,1100,0,built_in,
168390,1101,0.154,built_in,
168390,1103,6.1,built_in,
168390,1104,1006,built_in,
168390,1110,0,built_in,
168390,1109,1.5,built_in,
168390,1165,0.162,built_in,
168390,1166,0.139,built_in,
168390,1167,1.084,built_in,
168390,1170,0.225,built_in,
168390,1171,0,built_in,
168390,1178,0,built_in,
168390,1180,26.1,built_in,
168390,1186,0,built_in,
168390,1210,0.029,built_in,
168390,1211,0.092,built_in,
168390,1212,0.082,built_in,
168390,1213,0.14,built_in,
168390,1214,0.113,built_in,
168390,1215,0.034,built_in,
168390,1216,0.034,built_in,
168390,1217,0.082,built_in,
168390,1218,0.057,built_in,
168390,1219,0.125,built_in,
168390,1220,0.099,built_in,
168390,1221,0.053,built_in,
168390,1269,0.076,built_in,
168390,1270,0.029,built_in,
168390,1272,0,built_in,
168390,1278,0,built_in,
168390,1316,0,built_in,
168390,1404,0,built_in,
168433,1003,1.73,built_in,
168433,1004,0.08,built_in,
168433,1005,20,built_in,
168433,1008,82,built_in,
168433,1051,77.14,built_in,
168433,1079,0,built_in,
168433,1087,8,built_in,
168433,1088,0,built_in,
168433,1089,0.43,built_in,
168433,1090,10,built_in,
168433,1091,40,built_in,
168433,1092,495,built_in,
168433,1093,12,built_in,
168433,1095,0.32,built_in,
168433,1098,0.129,built_in,
168433,1100,0,built_in,
168433,1101,0.283,built_in,
168433,1103,0.9,built_in,
168433,1104,0,built_in,
168433,1110,0,built_in,
168433,1109,0,built_in,
168433,1165,0.086,built_in,
168433,1166,0.014,built_in,
168433,1167,0.13,built_in,
168433,1170,0.48,built_in,
168433,1171,0,built_in,
168433,1178,0,built_in,
168433,1180,0,built_in,
168433,1186,0,built_in,
168433,1210,0.014,built_in,
168433,1211,0.061,built_in,
168433,1212,0.059,built_in,
168433,1213,0.109,built_in,
168433,1214,0.067,built_in,
168433,1215,0.023,built_in,
168433,1216,0.021,built_in,
168433,1217,0.08,built_in,
168433,1218,0.046,built_in,
168433,1219,0.07,built_in,
168433,1220,0.144,built_in,
168433,1221,0.038,built_in,
168433,1269,0.03,built_in,
168433,1270,0.006,built_in,
168433,1272,0,built_in,
168433,1278,0,built_in,
168433,1316,0,built_in,
168433,1404,0,built_in,
168449,1003,0.72,built_in,
168449,1004,0.07,built_in,
168449,1005,4.9,built_in,
168449,1008,20,built_in,
168449,1051,93.69,built_in,
168449,1079,1.1,built_in,
168449,1087,15,built_in,
168449,1088,0,built_in,
168449,1089,0.57,built_in,
168449,1090,9,built_in,
168449,1091,30,built_in,
168449,1092,230,built_in,
168449,1093,1,built_in,
168449,1095,0.23,built_in,
168449,1098,0.091,built_in,
168449,1100,0,built_in,
168449,1101,0.089,built_in,
168449,1103,0.2,built_in,
168449,1104,5755,built_in,
168449,1110,0,built_in,
168449,1109,0.8,built_in,
168449,1165,0.031,built_in,
168449,1166,0.078,built_in,
168449,1167,0.413,built_in,
168449,1170,0.201,built_in,
168449,1171,0,built_in,
168449,1178,0,built_in,
168449,1180,6.2,built_in,
168449,1186,0,built_in,
168449,1210,0.009,built_in,
168449,1211,0.021,built_in,
168449,1212,0.023,built_in,
168449,1213,0.034,built_in,
168449,1214,0.039,built_in,
168449,1215,0.008,built_in,
168449,1216,0.002,built_in,
168449,1217,0.023,built_in,
168449,1218,0.03,built_in,
168449,1219,0.025,built_in,
168449,1220,0.039,built_in,
168449,1221,0.011,built_in,
168449,1269,0.002,built_in,
168449,1270,0.002,built_in,
168449,1272,0,built_in,
168449,1278,0,built_in,
168449,1316,0,built_in,
168449,1404,0,built_in,
168463,1003,2.97,built_in,
168463,1004,0.26,built_in,
168463,1005,3.75,built_in,
168463,1008,23,built_in,
168463,1051,91.21,built_in,
168463,1079,2.4,built_in,
168463,1087,136,built_in,
168463,1088,0,built_in,
168463,1089,3.57,built_in,
168463,1090,87,built_in,
168463,1091,56,built_in,
168463,1092,466,built_in,
168463,1093,70,built_in,
168463,1095,0.76,built_in,
168463,1098,0.174,built_in,
168463,1100,0,built_in,
168463,1101,0.935,built_in,
168463,1103,1.5,built_in,
168463,1104,10481,built_in,
168463,1110,0,built_in,
168463,1109,2.08,built_in,
168463,1165,0.095,built_in,
168463,1166,0.236,built_in,
168463,1167,0.49,built_in,
168463,1170,0.145,built_in,
168463,1171,0,built_in,
168463,1178,0,built_in,
168463,1180,19.7,built_in,
168463,1186,0,built_in,
168463,1210,0.04,built_in,
168463,1211,0.127,built_in,
168463,1212,0.152,built_in,
168463,1213,0.231,built_in,
168463,1214,0.182,built_in,
168463,1215,0.055,built_in,
168463,1216,0.035,built_in,
168463,1217,0.134,built_in,
168463,1218,0.113,built_in,
168463,1219,0.168,built_in,
168463,1220,0.168,built_in,
168463,1221,0.066,built_in,
168463,1269,0.017,built_in,
168463,1270,0.092,built_in,
168463,1272,0,built_in,
168463,1278,0,built_in,
168463,1316,0,built_in,
168463,1404,0,built_in,
168484,1003,1.37,built_in,
168484,1004,0.14,built_in,
168484,1005,17.72,built_in,
168484,1008,76,built_in,
168484,1051,80.13,built_in,
168484,1079,2.5,built_in,
168484,1087,27,built_in,
168484,1088,0,built_in,
168484,1089,0.72,built_in,
168484,1090,18,built_in,
168484,1091,32,built_in,
168484,1092,230,built_in,
168484,1093,27,built_in,
168484,1095,0.2,built_in,
168484,1098,0.094,built_in,
168484,1100,0,built_in,
168484,1101,0.266,built_in,
168484,1103,0.2,built_in,
168484,1104,15740,built_in,
168484,1110,0,built_in,
168484,1109,0.94,built_in,
168484,1165,0.056,built_in,
168484,1166,0.047,built_in,
168484,1167,0.538,built_in,
168484,1170,0.581,built_in,
168484,1171,0,built_in,
168484,1178,0,built_in,
168484,1180,10.8,built_in,
168484,1186,0,built_in,
168484,1210,0.028,built_in,
168484,1211,0.073,built_in,
168484,1212,0.048,built_in,
168484,1213,0.081,built_in,
168484,1214,0.058,built_in,
168484,1215,0.025,built_in,
168484,1216,0.019,built_in,
168484,1217,0.078,built_in,
168484,1218,0.03,built_in,
168484,1219,0.075,built_in,
168484,1220,0.048,built_in,
168484,1221,0.027,built_in,
168484,1269,0.061,built_in,
168484,1270,0,built_in,
168484,1272,0,built_in,
168484,1278,0,built_in,
168484,1316,0,built_in,
168484,1404,0,built_in,
168484,1003,1.37,built_in,
168484,1004,0.14,built_in,
168484,1005,17.72,built_in,
168484,1008,76,built_in,
168484,1051,80.13,built_in,
168484,1079,2.5,built_in,
168484,1087,27,built_in,
168484,1088,0,built_in,
168484,1089,0.72,built_in,
168484,1090,18,built_in,
168484,1091,32,built_in,
168484,1092,230,built_in,
168484,1093,27,built_in,
168484,1095,0.2,built_in,
168484,1098,0.094,built_in,
168484,1100,0,built_in,
168484,1101,0.266,built_in,
168484,1103,0.2,built_in,
168484,1104,15740,built_in,
168484,1110,0,built_in,
168484,1109,0.94,built_in,
168484,1165,0.056,built_in,
168484,1166,0.047,built_in,
168484,1167,0.538,built_in,
168484,1170,0.581,built_in,
168484,1171,0,built_in,
168484,1178,0,built_in,
168484,1180,10.8,built_in,
168484,1186,0,built_in,
168484,1210,0.028,built_in,
168484,1211,0.073,built_in,
168484,1212,0.048,built_in,
168484,1213,0.081,built_in,
168484,1214,0.058,built_in,
168484,1215,0.025,built_in,
168484,1216,0.019,built_in,
168484,1217,0.078,built_in,
168484,1218,0.03,built_in,
168484,1219,0.075,built_in,
168484,1220,0.048,built_in,
168484,1221,0.027,built_in,
168484,1269,0.061,built_in,
168484,1270,0,built_in,
168484,1272,0,built_in,
168484,1278,0,built_in,
168484,1316,0,built_in,
168484,1404,0,built_in,
168568,1003,0.64,built_in,
168568,1004,0.13,built_in,
168568,1005,8.24,built_in,
168568,1008,35,built_in,
168568,1051,90.35,built_in,
168568,1079,2.9,built_in,
168568,1087,32,built_in,
168568,1088,0,built_in,
168568,1089,0.89,built_in,
168568,1090,10,built_in,
168568,1091,28,built_in,
168568,1092,237,built_in,
168568,1093,78,built_in,
168568,1095,0.17,built_in,
168568,1098,0.1,built_in,
168568,1100,0,built_in,
168568,1101,0.151,built_in,
168568,1103,0.9,built_in,
168568,1104,13790,built_in,
168568,1110,0,built_in,
168568,1109,0,built_in,
168568,1165,0.03,built_in,
168568,1166,0.036,built_in,
168568,1167,0.556,built_in,
168568,1170,0.401,built_in,
168568,1171,0,built_in,
168568,1178,0,built_in,
168568,1180,7.5,built_in,
168568,1186,0,built_in,
168568,1210,0.009,built_in,
168568,1211,0.031,built_in,
168568,1212,0.034,built_in,
168568,1213,0.035,built_in,
168568,1214,0.033,built_in,
168568,1215,0.006,built_in,
168568,1216,0.007,built_in,
168568,1217,0.026,built_in,
168568,1218,0.016,built_in,
168568,1219,0.036,built_in,
168568,1220,0.035,built_in,
168568,1221,0.013,built_in,
168568,1269,0.057,built_in,
168568,1270,0.008,built_in,
168568,1272,0,built_in,
168568,1278,0,built_in,
168568,1316,0,built_in,
168568,1404,0,built_in,
168626,1003,29.08,built_in,
168626,1004,5.26,built_in,
168626,1005,5.13,built_in,
168626,1008,191,built_in,
168626,1051,58.81,built_in,
168626,1079,0,built_in,
168626,1087,6,built_in,
168626,1088,0,built_in,
168626,1089,6.54,built_in,
168626,1090,21,built_in,
168626,1091,497,built_in,
168626,1092,352,built_in,
168626,1093,79,built_in,
168626,1095,5.3,built_in,
168626,1098,14.283,built_in,
168626,1100,0,built_in,
168626,1101,0.356,built_in,
168626,1103,36.1,built_in,
168626,1104,31714,built_in,
168626,1110,49,built_in,
168626,1109,0.51,built_in,
168626,1165,0.194,built_in,
168626,1166,3.425,built_in,
168626,1167,17.525,built_in,
168626,1170,7.11,built_in,
168626,1171,0,built_in,
168626,1178,70.58,built_in,
168626,1180,426,built_in,
168626,1186,0,built_in,
168626,1210,0.368,built_in,
168626,1211,1.215,built_in,
168626,1212,1.352,built_in,
168626,1213,2.67,built_in,
168626,1214,2.247,built_in,
168626,1215,0.759,built_in,
168626,1216,0.526,built_in,
168626,1217,1.515,built_in,
168626,1218,1.128,built_in,
168626,1219,1.761,built_in,
168626,1220,1.735,built_in,
168626,1221,0.879,built_in,
168626,1269,0,built_in,
168626,1270,0,built_in,
168626,1272,0,built_in,
168626,1278,0,built_in,
168626,1316,0.659,built_in,
168626,1404,0.017,built_in,
168873,1003,3.21,built_in,
168873,1004,0.86,built_in,
168873,1005,11.44,built_in,
168873,1008,40,built_in,
168873,1051,84,built_in,
168873,1079,2.6,built_in,
168873,1087,10,built_in,
168873,1088,0,built_in,
168873,1089,0.88,built_in,
168873,1090,40,built_in,
168873,1091,119,built_in,
168873,1092,92,built_in,
168873,1093,1,built_in,
168873,1095,0.53,built_in,
168873,1098,0.066,built_in,
168873,1100,0,built_in,
168873,1101,0.964,built_in,
168873,1103,7.7,built_in,
168873,1104,0,built_in,
168873,1110,0,built_in,
168873,1109,0,built_in,
168873,1165,0.16,built_in,
168873,1166,0.034,built_in,
168873,1167,0.144,built_in,
168873,1170,0.217,built_in,
168873,1171,0,built_in,
168873,1178,0,built_in,
168873,1180,0,built_in,
168873,1186,0,built_in,
168873,1210,0.057,built_in,
168873,1211,0.086,built_in,
168873,1212,0.114,built_in,
168873,1213,0.235,built_in,
168873,1214,0.13,built_in,
168873,1215,0.057,built_in,
168873,1216,0.099,built_in,
168873,1217,0.155,built_in,
168873,1218,0.114,built_in,
168873,1219,0.165,built_in,
168873,1220,0.219,built_in,
168873,1221,0.07,built_in,
168873,1269,0.324,built_in,
168873,1270,0.015,built_in,
168873,1272,0,built_in,
168873,1278,0,built_in,
168873,1316,0,built_in,
168873,1404,0,built_in,
168875,1003,2.32,built_in,
168875,1004,0.83,built_in,
168875,1005,23.51,built_in,
168875,1008,112,built_in,
168875,1051,72.96,built_in,
168875,1079,1.8,built_in,
168875,1087,10,built_in,
168875,1088,0,built_in,
168875,1089,0.53,built_in,
168875,1090,44,built_in,
168875,1091,77,built_in,
168875,1092,79,built_in,
168875,1093,1,built_in,
168875,1095,0.62,built_in,
168875,1098,0.081,built_in,
168875,1100,0,built_in,
168875,1101,1.097,built_in,
168875,1103,0,built_in,
168875,1104,0,built_in,
168875,1110,0,built_in,
168875,1109,0,built_in,
168875,1165,0.102,built_in,
168875,1166,0.012,built_in,
168875,1167,1.33,built_in,
168875,1170,0.392,built_in,
168875,1171,0,built_in,
168875,1178,0,built_in,
168875,1180,0,built_in,
168875,1186,0,built_in,
168875,1210,0.03,built_in,
168875,1211,0.085,built_in,
168875,1212,0.098,built_in,
168875,1213,0.191,built_in,
168875,1214,0.088,built_in,
168875,1215,0.052,built_in,
168875,1216,0.028,built_in,
168875,1217,0.119,built_in,
168875,1218,0.087,built_in,
168875,1219,0.136,built_in,
168875,1220,0.175,built_in,
168875,1221,0.059,built_in,
168875,1269,0.283,built_in,
168875,1270,0.013,built_in,
168875,1272,0,built_in,
168875,1278,0,built_in,
168875,1316,0,built_in,
168875,1404,0,built_in,
168917,1003,4.4,built_in,
168917,1004,1.92,built_in,
168917,1005,21.3,built_in,
168917,1008,120,built_in,
168917,1051,71.61,built_in,
168917,1079,2.8,built_in,
168917,1087,17,built_in,
168917,1088,0,built_in,
168917,1089,1.49,built_in,
168917,1090,64,built_in,
168917,1091,152,built_in,
168917,1092,172,built_in,
168917,1093,7,built_in,
168917,1095,1.09,built_in,
168917,1098,0.192,built_in,
168917,1100,0,built_in,
168917,1101,0.631,built_in,
168917,1103,2.8,built_in,
168917,1104,5,built_in,
168917,1110,0,built_in,
168917,1109,0.63,built_in,
168917,1165,0.107,built_in,
168917,1166,0.11,built_in,
168917,1167,0.412,built_in,
168917,1170,0,built_in,
168917,1171,0,built_in,
168917,1178,0,built_in,
168917,1180,23,built_in,
168917,1186,0,built_in,
168917,1210,0.052,built_in,
168917,1211,0.131,built_in,
168917,1212,0.157,built_in,
168917,1213,0.261,built_in,
168917,1214,0.239,built_in,
168917,1215,0.096,built_in,
168917,1216,0.063,built_in,
168917,1217,0.185,built_in,
168917,1218,0.083,built_in,
168917,1219,0.185,built_in,
168917,1220,0.34,built_in,
168917,1221,0.127,built_in,
168917,1269,0.974,built_in,
168917,1270,0.085,built_in,
168917,1272,0.015,built_in,
168917,1278,0,built_in,
168917,1316,0,built_in,
168917,1404,0,built_in,
169211,1003,1.53,built_in,
169211,1004,0.22,built_in,
169211,1005,1.92,built_in,
169211,1008,12,built_in,
169211,1051,95.92,built_in,
169211,1079,1,built_in,
169211,1087,12,built_in,
169211,1088,0,built_in,
169211,1089,0.24,built_in,
169211,1090,3,built_in,
169211,1091,20,built_in,
169211,1092,533,built_in,
169211,1093,4,built_in,
169211,1095,0.47,built_in,
169211,1098,0.082,built_in,
169211,1100,0,built_in,
169211,1101,0.113,built_in,
169211,1103,0.4,built_in,
169211,1104,0,built_in,
169211,1110,0,built_in,
169211,1109,0,built_in,
169211,1165,0.02,built_in,
169211,1166,0.05,built_in,
169211,1167,0.3,built_in,
169211,1170,0.066,built_in,
169211,1171,0,built_in,
169211,1178,0,built_in,
169211,1180,0,built_in,
169211,1186,0,built_in,
169211,1210,0.016,built_in,
169211,1211,0.05,built_in,
169211,1212,0.051,built_in,
169211,1213,0.082,built_in,
169211,1214,0.079,built_in,
169211,1215,0.017,built_in,
169211,1216,0.013,built_in,
169211,1217,0.053,built_in,
169211,1218,0,built_in,
169211,1219,0.062,built_in,
169211,1220,0.057,built_in,
169211,1221,0.025,built_in,
169211,1269,0.083,built_in,
169211,1270,0.015,built_in,
169211,1272,0,built_in,
169211,1278,0,built_in,
169211,1316,0,built_in,
169211,1404,0,built_in,
169225,1003,0.59,built_in,
169225,1004,0.16,built_in,
169225,1005,2.16,built_in,
169225,1008,10,built_in,
169225,1051,96.73,built_in,
169225,1079,0.7,built_in,
169225,1087,14,built_in,
169225,1088,0,built_in,
169225,1089,0.22,built_in,
169225,1090,12,built_in,
169225,1091,21,built_in,
169225,1092,136,built_in,
169225,1093,2,built_in,
169225,1095,0.17,built_in,
169225,1098,0.071,built_in,
169225,1100,0,built_in,
169225,1101,0.073,built_in,
169225,1103,0.1,built_in,
169225,1104,72,built_in,
169225,1110,0,built_in,
169225,1109,0.03,built_in,
169225,1165,0.031,built_in,
169225,1166,0.025,built_in,
169225,1167,0.037,built_in,
169225,1170,0.24,built_in,
169225,1171,0,built_in,
169225,1178,0,built_in,
169225,1180,5.7,built_in,
169225,1186,0,built_in,
169225,1210,0.007,built_in,
169225,1211,0.012,built_in,
169225,1212,0.012,built_in,
169225,1213,0.025,built_in,
169225,1214,0.025,built_in,
169225,1215,0.012,built_in,
169225,1216,0.007,built_in,
169225,1217,0.031,built_in,
169225,1218,0.002,built_in,
169225,1219,0.012,built_in,
169225,1220,0.031,built_in,
169225,1221,0.002,built_in,
169225,1269,0.01,built_in,
169225,1270,0.01,built_in,
169225,1272,0,built_in,
169225,1278,0,built_in,
169225,1316,0,built_in,
169225,1404,0,built_in,
169283,1003,12.35,built_in,
169283,1004,6.4,built_in,
169283,1005,11.05,built_in,
169283,1008,141,built_in,
169283,1051,68.6,built_in,
169283,1079,4.2,built_in,
169283,1087,145,built_in,
169283,1088,0,built_in,
169283,1089,2.5,built_in,
169283,1090,60,built_in,
169283,1091,158,built_in,
169283,1092,539,built_in,
169283,1093,14,built_in,
169283,1095,0.91,built_in,
169283,1098,0.117,built_in,
169283,1100,0,built_in,
169283,1101,0.502,built_in,
169283,1103,1.4,built_in,
169283,1104,156,built_in,
169283,1110,0,built_in,
169283,1109,0,built_in,
169283,1165,0.26,built_in,
169283,1166,0.155,built_in,
169283,1167,1.25,built_in,
169283,1170,0.128,built_in,
169283,1171,0,built_in,
169283,1178,0,built_in,
169283,1180,0,built_in,
169283,1186,0,built_in,
169283,1210,0.15,built_in,
169283,1211,0.492,built_in,
169283,1212,0.543,built_in,
169283,1213,0.883,built_in,
169283,1214,0.739,built_in,
169283,1215,0.15,built_in,
169283,1216,0.113,built_in,
169283,1217,0.559,built_in,
169283,1218,0.443,built_in,
169283,1219,0.549,built_in,
169283,1220,0.994,built_in,
169283,1221,0.332,built_in,
169283,1269,2.657,built_in,
169283,1270,0.354,built_in,
169283,1272,0,built_in,
169283,1278,0,built_in,
169283,1316,0,built_in,
169283,1404,0,built_in,
169292,1003,1.14,built_in,
169292,1004,0.36,built_in,
169292,1005,2.69,built_in,
169292,1008,15,built_in,
169292,1051,95.22,built_in,
169292,1079,1,built_in,
169292,1087,18,built_in,
169292,1088,0,built_in,
169292,1089,0.37,built_in,
169292,1090,19,built_in,
169292,1091,37,built_in,
169292,1092,264,built_in,
169292,1093,3,built_in,
169292,1095,0.33,built_in,
169292,1098,0.052,built_in,
169292,1100,0,built_in,
169292,1101,0.173,built_in,
169292,1103,0.2,built_in,
169292,1104,1117,built_in,
169292,1110,0,built_in,
169292,1109,0.12,built_in,
169292,1165,0.035,built_in,
169292,1166,0.024,built_in,
169292,1167,0.51,built_in,
169292,1170,0.288,built_in,
169292,1171,0,built_in,
169292,1178,0,built_in,
169292,1180,9.4,built_in,
169292,1186,0,built_in,
169292,1210,0.006,built_in,
169292,1211,0.015,built_in,
169292,1212,0.023,built_in,
169292,1213,0.037,built_in,
169292,1214,0.035,built_in,
169292,1215,0.009,built_in,
169292,1216,0.007,built_in,
169292,1217,0.022,built_in,
169292,1218,0.017,built_in,
169292,1219,0.029,built_in,
169292,1220,0.027,built_in,
169292,1221,0.014,built_in,
169292,1269,0.058,built_in,
169292,1270,0.094,built_in,
169292,1272,0,built_in,
169292,1278,0,built_in,
169292,1316,0,built_in,
169292,1404,0,built_in,
169448,1003,28.48,built_in,
169448,1004,4.73,built_in,
169448,1005,0.15,built_in,
169448,1008,165,built_in,
169448,1051,65.67,built_in,
169448,1079,0,built_in,
169448,1087,5,built_in,
169448,1088,0,built_in,
169448,1089,6.38,built_in,
169448,1090,21,built_in,
169448,1091,254,built_in,
169448,1092,219,built_in,
169448,1093,59,built_in,
169448,1095,2.87,built_in,
169448,1098,0.559,built_in,
169448,1100,0,built_in,
169448,1101,0.033,built_in,
169448,1103,38.9,built_in,
169448,1104,0,built_in,
169448,1110,3,built_in,
169448,1109,0.29,built_in,
169448,1165,0.101,built_in,
169448,1166,1.21,built_in,
169448,1167,6.68,built_in,
169448,1170,1.6,built_in,
169448,1171,0,built_in,
169448,1178,10.8,built_in,
169448,1180,228.8,built_in,
169448,1186,0,built_in,
169448,1210,0,built_in,
169448,1211,0,built_in,
169448,1212,0,built_in,
169448,1213,0,built_in,
169448,1214,0,built_in,
169448,1215,0,built_in,
169448,1216,0,built_in,
169448,1217,0,built_in,
169448,1218,0,built_in,
169448,1219,0,built_in,
169448,1220,0,built_in,
169448,1221,0,built_in,
169448,1269,0.736,built_in,
169448,1270,0.019,built_in,
169448,1272,0,built_in,
169448,1278,0,built_in,
169448,1316,0,built_in,
169448,1404,0.012,built_in,
169486,1003,25.85,built_in,
169486,1004,17.68,built_in,
169486,1005,0,built_in,
169486,1008,268,built_in,
169486,1051,55.96,built_in,
169486,1079,0,built_in,
169486,1087,13,built_in,
169486,1088,0,built_in,
169486,1089,2.24,built_in,
169486,1090,20,built_in,
169486,1091,175,built_in,
169486,1092,265,built_in,
169486,1093,49,built_in,
169486,1095,5.06,built_in,
169486,1098,0.077,built_in,
169486,1100,0,built_in,
169486,1101,0.028,built_in,
169486,1103,28.4,built_in,
169486,1104,11,built_in,
169486,1110,4,built_in,
169486,1109,0.33,built_in,
169486,1165,0.067,built_in,
169486,1166,0.187,built_in,
169486,1167,5.486,built_in,
169486,1170,0.463,built_in,
169486,1171,0,built_in,
169486,1178,1.9,built_in,
169486,1180,81.3,built_in,
169486,1186,0,built_in,
169486,1210,0.222,built_in,
169486,1211,1.123,built_in,
169486,1212,1.206,built_in,
169486,1213,2.152,built_in,
169486,1214,2.327,built_in,
169486,1215,0.694,built_in,
169486,1216,0.309,built_in,
169486,1217,1.042,built_in,
169486,1218,0.891,built_in,
169486,1219,1.307,built_in,
169486,1220,1.729,built_in,
169486,1221,0.89,built_in,
169486,1269,0.61,built_in,
169486,1270,0.093,built_in,
169486,1272,0.001,built_in,
169486,1278,0.002,built_in,
169486,1316,0.316,built_in,
169486,1404,0.017,built_in,
169704,1003,2.74,built_in,
169704,1004,0.97,built_in,
169704,1005,25.58,built_in,
169704,1008,123,built_in,
169704,1051,70.27,built_in,
169704,1079,1.6,built_in,
169704,1087,3,built_in,
169704,1088,0,built_in,
169704,1089,0.56,built_in,
169704,1090,39,built_in,
169704,1091,103,built_in,
169704,1092,86,built_in,
169704,1093,4,built_in,
169704,1095,0.71,built_in,
169704,1098,0.106,built_in,
169704,1100,0,built_in,
169704,1101,0.974,built_in,
169704,1103,5.8,built_in,
169704,1104,0,built_in,
169704,1110,0,built_in,
169704,1109,0.17,built_in,
169704,1165,0.178,built_in,
169704,1166,0.069,built_in,
169704,1167,2.561,built_in,
169704,1170,0.38,built_in,
169704,1171,0,built_in,
169704,1178,0,built_in,
169704,1180,9.2,built_in,
169704,1186,0,built_in,
169704,1210,0.033,built_in,
169704,1211,0.095,built_in,
169704,1212,0.109,built_in,
169704,1213,0.214,built_in,
169704,1214,0.099,built_in,
169704,1215,0.058,built_in,
169704,1216,0.031,built_in,
169704,1217,0.133,built_in,
169704,1218,0.097,built_in,
169704,1219,0.151,built_in,
169704,1220,0.196,built_in,
169704,1221,0.066,built_in,
169704,1269,0.355,built_in,
169704,1270,0.011,built_in,
169704,1272,0,built_in,
169704,1278,0,built_in,
169704,1316,0.355,built_in,
169704,1404,0.011,built_in,
169967,1003,2.38,built_in,
169967,1004,0.41,built_in,
169967,1005,7.18,built_in,
169967,1008,35,built_in,
169967,1051,89.25,built_in,
169967,1079,3.3,built_in,
169967,1087,40,built_in,
169967,1088,0,built_in,
169967,1089,0.67,built_in,
169967,1090,21,built_in,
169967,1091,67,built_in,
169967,1092,293,built_in,
169967,1093,41,built_in,
169967,1095,0.45,built_in,
169967,1098,0.061,built_in,
169967,1100,0,built_in,
169967,1101,0.194,built_in,
169967,1103,1.6,built_in,
169967,1104,1548,built_in,
169967,1110,0,built_in,
169967,1109,1.45,built_in,
169967,1165,0.063,built_in,
169967,1166,0.123,built_in,
169967,1167,0.553,built_in,
169967,1170,0.616,built_in,
169967,1171,0,built_in,
169967,1178,0,built_in,
169967,1180,40.1,built_in,
169967,1186,0,built_in,
169967,1210,0.034,built_in,
169967,1211,0.096,built_in,
169967,1212,0.092,built_in,
169967,1213,0.147,built_in,
169967,1214,0.155,built_in,
169967,1215,0.043,built_in,
169967,1216,0.031,built_in,
169967,1217,0.116,built_in,
169967,1218,0.06,built_in,
169967,1219,0.138,built_in,
169967,1220,0.2,built_in,
169967,1221,0.063,built_in,
169967,1269,0.051,built_in,
169967,1270,0.119,built_in,
169967,1272,0,built_in,
169967,1278,0,built_in,
169967,1316,0,built_in,
169967,1404,0,built_in,
169999,1003,3.41,built_in,
169999,1004,1.5,built_in,
169999,1005,20.98,built_in,
169999,1008,96,built_in,
169999,1051,73.41,built_in,
169999,1079,2.4,built_in,
169999,1087,3,built_in,
169999,1088,0,built_in,
169999,1089,0.45,built_in,
169999,1090,26,built_in,
169999,1091,77,built_in,
169999,1092,218,built_in,
169999,1093,1,built_in,
169999,1095,0.62,built_in,
169999,1098,0.049,built_in,
169999,1100,0,built_in,
169999,1101,0.167,built_in,
169999,1103,0.2,built_in,
169999,1104,263,built_in,
169999,1110,0,built_in,
169999,1109,0.09,built_in,
169999,1165,0.093,built_in,
169999,1166,0.057,built_in,
169999,1167,1.683,built_in,
169999,1170,0.792,built_in,
169999,1171,0,built_in,
169999,1178,0,built_in,
169999,1180,29.1,built_in,
169999,1186,0,built_in,
169999,1210,0.023,built_in,
169999,1211,0.133,built_in,
169999,1212,0.133,built_in,
169999,1213,0.358,built_in,
169999,1214,0.141,built_in,
169999,1215,0.069,built_in,
169999,1216,0.027,built_in,
169999,1217,0.155,built_in,
169999,1218,0.126,built_in,
169999,1219,0.191,built_in,
169999,1220,0.135,built_in,
169999,1221,0.091,built_in,
169999,1269,0.586,built_in,
169999,1270,0.018,built_in,
169999,1272,0,built_in,
169999,1278,0,built_in,
169999,1316,0,built_in,
169999,1404,0,built_in,
170072,1003,1.49,built_in,
170072,1004,0.14,built_in,
170072,1005,27.48,built_in,
170072,1008,116,built_in,
170072,1051,70.13,built_in,
170072,1079,3.9,built_in,
170072,1087,14,built_in,
170072,1088,0,built_in,
170072,1089,0.52,built_in,
170072,1090,18,built_in,
170072,1091,49,built_in,
170072,1092,670,built_in,
170072,1093,8,built_in,
170072,1095,0.2,built_in,
170072,1098,0.152,built_in,
170072,1100,0,built_in,
170072,1101,0.371,built_in,
170072,1103,0.7,built_in,
170072,1104,122,built_in,
170072,1110,0,built_in,
170072,1109,0.34,built_in,
170072,1165,0.095,built_in,
170072,1166,0.028,built_in,
170072,1167,0.552,built_in,
170072,1170,0.311,built_in,
170072,1171,0,built_in,
170072,1178,0,built_in,
170072,1180,16.2,built_in,
170072,1186,0,built_in,
170072,1210,0.012,built_in,
170072,1211,0.052,built_in,
170072,1212,0.05,built_in,
170072,1213,0.094,built_in,
170072,1214,0.058,built_in,
170072,1215,0.02,built_in,
170072,1216,0.018,built_in,
170072,1217,0.069,built_in,
170072,1218,0.039,built_in,
170072,1219,0.06,built_in,
170072,1220,0.124,built_in,
170072,1221,0.033,built_in,
170072,1269,0.05,built_in,
170072,1270,0.009,built_in,
170072,1272,0,built_in,
170072,1278,0,built_in,
170072,1316,0,built_in,
170072,1404,0,built_in,
170072,1003,1.49,built_in,
170072,1004,0.14,built_in,
170072,1005,27.48,built_in,
170072,1008,116,built_in,
170072,1051,70.13,built_in,
170072,1079,3.9,built_in,
170072,1087,14,built_in,
170072,1088,0,built_in,
170072,1089,0.52,built_in,
170072,1090,18,built_in,
170072,1091,49,built_in,
170072,1092,670,built_in,
170072,1093,8,built_in,
170072,1095,0.2,built_in,
170072,1098,0.152,built_in,
170072,1100,0,built_in,
170072,1101,0.371,built_in,
170072,1103,0.7,built_in,
170072,1104,122,built_in,
170072,1110,0,built_in,
170072,1109,0.34,built_in,
170072,1165,0.095,built_in,
170072,1166,0.028,built_in,
170072,1167,0.552,built_in,
170072,1170,0.311,built_in,
170072,1171,0,built_in,
170072,1178,0,built_in,
170072,1180,16.2,built_in,
170072,1186,0,built_in,
170072,1210,0.012,built_in,
170072,1211,0.052,built_in,
170072,1212,0.05,built_in,
170072,1213,0.094,built_in,
170072,1214,0.058,built_in,
170072,1215,0.02,built_in,
170072,1216,0.018,built_in,
170072,1217,0.069,built_in,
170072,1218,0.039,built_in,
170072,1219,0.06,built_in,
170072,1220,0.124,built_in,
170072,1221,0.033,built_in,
170072,1269,0.05,built_in,
170072,1270,0.009,built_in,
170072,1272,0,built_in,
170072,1278,0,built_in,
170072,1316,0,built_in,
170072,1404,0,built_in,
170209,1003,29.51,built_in,
170209,1004,8.87,built_in,
170209,1005,0,built_in,
170209,1008,206,built_in,
170209,1051,60.93,built_in,
170209,1079,0,built_in,
170209,1087,14,built_in,
170209,1088,0,built_in,
170209,1089,2.98,built_in,
170209,1090,21,built_in,
170209,1091,235,built_in,
170209,1092,338,built_in,
170209,1093,63,built_in,
170209,1095,6.85,built_in,
170209,1098,0.092,built_in,
170209,1100,0,built_in,
170209,1101,0.014,built_in,
170209,1103,30.7,built_in,
170209,1104,4,built_in,
170209,1110,3,built_in,
170209,1109,0.23,built_in,
170209,1165,0.077,built_in,
170209,1166,0.282,built_in,
170209,1167,5.947,built_in,
170209,1170,0.5,built_in,
170209,1171,0,built_in,
170209,1178,2.96,built_in,
170209,1180,84.4,built_in,
170209,1186,0,built_in,
170209,1210,0.32,built_in,
170209,1211,1.382,built_in,
170209,1212,1.408,built_in,
170209,1213,2.566,built_in,
170209,1214,2.811,built_in,
170209,1215,0.831,built_in,
170209,1216,0.327,built_in,
170209,1217,1.215,built_in,
170209,1218,1.094,built_in,
170209,1219,1.496,built_in,
170209,1220,2.032,built_in,
170209,1221,1.057,built_in,
170209,1269,0.336,built_in,
170209,1270,0.019,built_in,
170209,1272,0,built_in,
170209,1278,0.002,built_in,
170209,1316,0.219,built_in,
170209,1404,0.009,built_in,
170285,1003,2.26,built_in,
170285,1004,0.44,built_in,
170285,1005,28.22,built_in,
170285,1008,123,built_in,
170285,1051,68.8,built_in,
170285,1079,3.8,built_in,
170285,1087,11,built_in,
170285,1088,0,built_in,
170285,1089,1.33,built_in,
170285,1090,22,built_in,
170285,1091,54,built_in,
170285,1092,93,built_in,
170285,1093,3,built_in,
170285,1095,0.82,built_in,
170285,1098,0.105,built_in,
170285,1100,0,built_in,
170285,1101,0.259,built_in,
170285,1103,8.6,built_in,
170285,1104,7,built_in,
170285,1110,0,built_in,
170285,1109,0.01,built_in,
170285,1165,0.083,built_in,
170285,1166,0.062,built_in,
170285,1167,2.063,built_in,
170285,1170,0.135,built_in,
170285,1171,0,built_in,
170285,1178,0,built_in,
170285,1180,13.4,built_in,
170285,1186,0,built_in,
170285,1210,0.038,built_in,
170285,1211,0.077,built_in,
170285,1212,0.083,built_in,
170285,1213,0.154,built_in,
170285,1214,0.084,built_in,
170285,1215,0.043,built_in,
170285,1216,0.05,built_in,
170285,1217,0.127,built_in,
170285,1218,0.065,built_in,
170285,1219,0.111,built_in,
170285,1220,0.113,built_in,
170285,1221,0.051,built_in,
170285,1269,0.193,built_in,
170285,1270,0.021,built_in,
170285,1272,0,built_in,
170285,1278,0,built_in,
170285,1316,0,built_in,
170285,1404,0,built_in,
170394,1003,0.76,built_in,
170394,1004,0.18,built_in,
170394,1005,8.22,built_in,
170394,1008,35,built_in,
170394,1051,90.17,built_in,
170394,1079,3,built_in,
170394,1087,30,built_in,
170394,1088,0,built_in,
170394,1089,0.34,built_in,
170394,1090,10,built_in,
170394,1091,30,built_in,
170394,1092,235,built_in,
170394,1093,58,built_in,
170394,1095,0.2,built_in,
170394,1098,0.017,built_in,
170394,1100,0,built_in,
170394,1101,0.155,built_in,
170394,1103,0.7,built_in,
170394,1104,17033,built_in,
170394,1110,0,built_in,
170394,1109,1.03,built_in,
170394,1165,0.066,built_in,
170394,1166,0.044,built_in,
170394,1167,0.645,built_in,
170394,1170,0.232,built_in,
170394,1171,0,built_in,
170394,1178,0,built_in,
170394,1180,8.8,built_in,
170394,1186,0,built_in,
170394,1210,0.01,built_in,
170394,1211,0.157,built_in,
170394,1212,0.063,built_in,
170394,1213,0.084,built_in,
170394,1214,0.083,built_in,
170394,1215,0.017,built_in,
170394,1216,0.068,built_in,
170394,1217,0.05,built_in,
170394,1218,0.035,built_in,
170394,1219,0.056,built_in,
170394,1220,0.075,built_in,
170394,1221,0.033,built_in,
170394,1269,0.087,built_in,
170394,1270,0.001,built_in,
170394,1272,0,built_in,
170394,1278,0,built_in,
170394,1316,0,built_in,
170394,1404,0,built_in,
170407,1003,2.71,built_in,
170407,1004,0.72,built_in,
170407,1005,5.65,built_in,
170407,1008,33,built_in,
170407,1051,90.18,built_in,
170407,1079,4,built_in,
170407,1087,141,built_in,
170407,1088,0,built_in,
170407,1089,1.13,built_in,
170407,1090,21,built_in,
170407,1091,32,built_in,
170407,1092,117,built_in,
170407,1093,15,built_in,
170407,1095,0.23,built_in,
170407,1098,0.051,built_in,
170407,1100,0,built_in,
170407,1101,0.51,built_in,
170407,1103,0.5,built_in,
170407,1104,7600,built_in,
170407,1110,0,built_in,
170407,1109,0.88,built_in,
170407,1165,0.04,built_in,
170407,1166,0.106,built_in,
170407,1167,0.575,built_in,
170407,1170,0.218,built_in,
170407,1171,0,built_in,
170407,1178,0,built_in,
170407,1180,38.4,built_in,
170407,1186,0,built_in,
170407,1210,0.027,built_in,
170407,1211,0.074,built_in,
170407,1212,0.086,built_in,
170407,1213,0.13,built_in,
170407,1214,0.101,built_in,
170407,1215,0.028,built_in,
170407,1216,0.022,built_in,
170407,1217,0.075,built_in,
170407,1218,0.056,built_in,
170407,1219,0.104,built_in,
170407,1220,0.108,built_in,
170407,1221,0.04,built_in,
170407,1269,0.07,built_in,
170407,1270,0.093,built_in,
170407,1272,0,built_in,
170407,1278,0,built_in,
170407,1316,0,built_in,
170407,1404,0,built_in,
170440,1003,1.71,built_in,
170440,1004,0.1,built_in,
170440,1005,20.01,built_in,
170440,1008,86,built_in,
170440,1051,77.46,built_in,
170440,1079,1.8,built_in,
170440,1087,8,built_in,
170440,1088,0,built_in,
170440,1089,0.31,built_in,
170440,1090,20,built_in,
170440,1091,40,built_in,
170440,1092,328,built_in,
170440,1093,5,built_in,
170440,1095,0.27,built_in,
170440,1098,0.167,built_in,
170440,1100,0,built_in,
170440,1101,0.14,built_in,
170440,1103,0.3,built_in,
170440,1104,2,built_in,
170440,1110,0,built_in,
170440,1109,0.01,built_in,
170440,1165,0.098,built_in,
170440,1166,0.019,built_in,
170440,1167,1.312,built_in,
170440,1170,0.509,built_in,
170440,1171,0,built_in,
170440,1178,0,built_in,
170440,1180,13.2,built_in,
170440,1186,0,built_in,
170440,1210,0.027,built_in,
170440,1211,0.062,built_in,
170440,1212,0.07,built_in,
170440,1213,0.103,built_in,
170440,1214,0.104,built_in,
170440,1215,0.027,built_in,
170440,1216,0.022,built_in,
170440,1217,0.076,built_in,
170440,1218,0.064,built_in,
170440,1219,0.096,built_in,
170440,1220,0.079,built_in,
170440,1221,0.038,built_in,
170440,1269,0.032,built_in,
170440,1270,0.01,built_in,
170440,1272,0,built_in,
170440,1278,0,built_in,
170440,1316,0,built_in,
170440,1404,0,built_in,
170490,1003,0.89,built_in,
170490,1004,0.35,built_in,
170490,1005,8.85,built_in,
170490,1008,37,built_in,
170490,1051,89.21,built_in,
170490,1079,2.8,built_in,
170490,1087,22,built_in,
170490,1088,0,built_in,
170490,1089,0.44,built_in,
170490,1090,13,built_in,
170490,1091,19,built_in,
170490,1092,241,built_in,
170490,1093,1,built_in,
170490,1095,0.22,built_in,
170490,1098,0.082,built_in,
170490,1100,0,built_in,
170490,1101,0.187,built_in,
170490,1103,0.4,built_in,
170490,1104,5223,built_in,
170490,1110,0,built_in,
170490,1109,0.12,built_in,
170490,1165,0.016,built_in,
170490,1166,0.067,built_in,
170490,1167,0.495,built_in,
170490,1170,0.234,built_in,
170490,1171,0,built_in,
170490,1178,0,built_in,
170490,1180,10.6,built_in,
170490,1186,0,built_in,
170490,1210,0.013,built_in,
170490,1211,0.027,built_in,
170490,1212,0.035,built_in,
170490,1213,0.05,built_in,
170490,1214,0.033,built_in,
170490,1215,0.011,built_in,
170490,1216,0.008,built_in,
170490,1217,0.035,built_in,
170490,1218,0.03,built_in,
170490,1219,0.038,built_in,
170490,1220,0.049,built_in,
170490,1221,0.017,built_in,
170490,1269,0.055,built_in,
170490,1270,0.092,built_in,
170490,1272,0,built_in,
170490,1278,0,built_in,
170490,1316,0,built_in,
170490,1404,0,built_in,
171016,1003,0,built_in,
171016,1004,100,built_in,
171016,1005,0,built_in,
171016,1008,884,built_in,
171016,1051,0,built_in,
171016,1079,0,built_in,
171016,1087,0,built_in,
171016,1088,0,built_in,
171016,1089,0,built_in,
171016,1090,0,built_in,
171016,1091,0,built_in,
171016,1092,0,built_in,
171016,1093,0,built_in,
171016,1095,0,built_in,
171016,1098,0,built_in,
171016,1100,0,built_in,
171016,1101,0,built_in,
171016,1103,0,built_in,
171016,1104,0,built_in,
171016,1110,0,built_in,
171016,1109,1.4,built_in,
171016,1165,0,built_in,
171016,1166,0,built_in,
171016,1167,0,built_in,
171016,1170,0,built_in,
171016,1171,0,built_in,
171016,1178,0,built_in,
171016,1180,0.2,built_in,
171016,1186,0,built_in,
171016,1210,0,built_in,
171016,1211,0,built_in,
171016,1212,0,built_in,
171016,1213,0,built_in,
171016,1214,0,built_in,
171016,1215,0,built_in,
171016,1216,0,built_in,
171016,1217,0,built_in,
171016,1218,0,built_in,
171016,1219,0,built_in,
171016,1220,0,built_in,
171016,1221,0,built_in,
171016,1269,41.3,built_in,
171016,1270,0.3,built_in,
171016,1272,0,built_in,
171016,1278,0,built_in,
171016,1316,0,built_in,
171016,1404,0,built_in,
171025,1003,0,built_in,
171025,1004,100,built_in,
171025,1005,0,built_in,
171025,1008,884,built_in,
171025,1051,0,built_in,
171025,1079,0,built_in,
171025,1087,0,built_in,
171025,1088,0,built_in,
171025,1089,0,built_in,
171025,1090,0,built_in,
171025,1091,0,built_in,
171025,1092,0,built_in,
171025,1093,0,built_in,
171025,1095,0,built_in,
171025,1098,0,built_in,
171025,1100,0,built_in,
171025,1101,0,built_in,
171025,1103,0,built_in,
171025,1104,0,built_in,
171025,1110,0,built_in,
171025,1109,41.08,built_in,
171025,1165,0,built_in,
171025,1166,0,built_in,
171025,1167,0,built_in,
171025,1170,0,built_in,
171025,1171,0,built_in,
171025,1178,0,built_in,
171025,1180,0.2,built_in,
171025,1186,0,built_in,
171025,1210,0,built_in,
171025,1211,0,built_in,
171025,1212,0,built_in,
171025,1213,0,built_in,
171025,1214,0,built_in,
171025,1215,0,built_in,
171025,1216,0,built_in,
171025,1217,0,built_in,
171025,1218,0,built_in,
171025,1219,0,built_in,
171025,1220,0,built_in,
171025,1221,0,built_in,
171025,1269,65.7,built_in,
171025,1270,0,built_in,
171025,1272,0,built_in,
171025,1278,0,built_in,
171025,1316,0,built_in,
171025,1404,0,built_in,
171027,1003,0,built_in,
171027,1004,100,built_in,
171027,1005,0,built_in,
171027,1008,884,built_in,
171027,1051,0,built_in,
171027,1079,0,built_in,
171027,1087,0,built_in,
171027,1088,0,built_in,
171027,1089,0,built_in,
171027,1090,0,built_in,
171027,1091,0,built_in,
171027,1092,0,built_in,
171027,1093,0,built_in,
171027,1095,0,built_in,
171027,1098,0,built_in,
171027,1100,0,built_in,
171027,1101,0,built_in,
171027,1103,0,built_in,
171027,1104,0,built_in,
171027,1110,0,built_in,
171027,1109,34.1,built_in,
171027,1165,0,built_in,
171027,1166,0,built_in,
171027,1167,0,built_in,
171027,1170,0,built_in,
171027,1171,0,built_in,
171027,1178,0,built_in,
171027,1180,0.2,built_in,
171027,1186,0,built_in,
171027,1210,0,built_in,
171027,1211,0,built_in,
171027,1212,0,built_in,
171027,1213,0,built_in,
171027,1214,0,built_in,
171027,1215,0,built_in,
171027,1216,0,built_in,
171027,1217,0,built_in,
171027,1218,0,built_in,
171027,1219,0,built_in,
171027,1220,0,built_in,
171027,1221,0,built_in,
171027,1269,12.724,built_in,
171027,1270,0.096,built_in,
171027,1272,0,built_in,
171027,1278,0,built_in,
171027,1316,12.724,built_in,
171027,1404,0.096,built_in,
171059,1003,26.41,built_in,
171059,1004,7.92,built_in,
171059,1005,0.1,built_in,
171059,1008,185,built_in,
171059,1051,64.85,built_in,
171059,1079,0,built_in,
171059,1087,19,built_in,
171059,1088,0,built_in,
171059,1089,9.03,built_in,
171059,1090,20,built_in,
171059,1091,199,built_in,
171059,1092,132,built_in,
171059,1093,48,built_in,
171059,1095,7.3,built_in,
171059,1098,0.502,built_in,
171059,1100,0,built_in,
171059,1101,0.107,built_in,
171059,1103,8,built_in,
171059,1104,28,built_in,
171059,1110,0,built_in,
171059,1109,0,built_in,
171059,1165,0.07,built_in,
171059,1166,0.741,built_in,
171059,1167,2.803,built_in,
171059,1170,2.654,built_in,
171059,1171,0,built_in,
171059,1178,7.29,built_in,
171059,1180,0,built_in,
171059,1186,0,built_in,
171059,1210,0.338,built_in,
171059,1211,1.196,built_in,
171059,1212,1.415,built_in,
171059,1213,2.303,built_in,
171059,1214,2.214,built_in,
171059,1215,0.638,built_in,
171059,1216,0.359,built_in,
171059,1217,1.183,built_in,
171059,1218,0.946,built_in,
171059,1219,1.496,built_in,
171059,1220,1.694,built_in,
171059,1221,0.693,built_in,
171059,1269,1.62,built_in,
171059,1270,0.06,built_in,
171059,1272,0,built_in,
171059,1278,0,built_in,
171059,1316,0,built_in,
171059,1404,0,built_in,
171061,1003,24.46,built_in,
171061,1004,6.51,built_in,
171061,1005,0.87,built_in,
171061,1008,167,built_in,
171061,1051,66.81,built_in,
171061,1079,0,built_in,
171061,1087,11,built_in,
171061,1088,0,built_in,
171061,1089,11.63,built_in,
171061,1090,25,built_in,
171061,1091,405,built_in,
171061,1092,263,built_in,
171061,1093,76,built_in,
171061,1095,3.98,built_in,
171061,1098,0.496,built_in,
171061,1100,0,built_in,
171061,1101,0.359,built_in,
171061,1103,82.4,built_in,
171061,1104,13328,built_in,
171061,1110,0,built_in,
171061,1109,0.82,built_in,
171061,1165,0.291,built_in,
171061,1166,1.993,built_in,
171061,1167,11.045,built_in,
171061,1170,6.668,built_in,
171061,1171,0,built_in,
171061,1178,16.85,built_in,
171061,1180,290,built_in,
171061,1186,0,built_in,
171061,1210,0.248,built_in,
171061,1211,1.021,built_in,
171061,1212,1.144,built_in,
171061,1213,2.128,built_in,
171061,1214,1.875,built_in,
171061,1215,0.608,built_in,
171061,1216,0.383,built_in,
171061,1217,1.16,built_in,
171061,1218,0.919,built_in,
171061,1219,1.405,built_in,
171061,1220,1.539,built_in,
171061,1221,0.714,built_in,
171061,1269,0.719,built_in,
171061,1270,0,built_in,
171061,1272,0,built_in,
171061,1278,0,built_in,
171061,1316,0.719,built_in,
171061,1404,0.012,built_in,
171117,1003,23.28,built_in,
171117,1004,10.92,built_in,
171117,1005,0,built_in,
171117,1008,189,built_in,
171117,1051,64.92,built_in,
171117,1079,0,built_in,
171117,1087,8,built_in,
171117,1088,0,built_in,
171117,1089,0.93,built_in,
171117,1090,28,built_in,
171117,1091,234,built_in,
171117,1092,677,built_in,
171117,1093,75,built_in,
171117,1095,1.92,built_in,
171117,1098,0.062,built_in,
171117,1100,0,built_in,
171117,1101,0.016,built_in,
171117,1103,14.3,built_in,
171117,1104,0,built_in,
171117,1110,0,built_in,
171117,1109,0.39,built_in,
171117,1165,0.121,built_in,
171117,1166,0.302,built_in,
171117,1167,7.107,built_in,
171117,1170,1.327,built_in,
171117,1171,0,built_in,
171117,1178,0.51,built_in,
171117,1180,59,built_in,
171117,1186,0,built_in,
171117,1210,0.196,built_in,
171117,1211,0.97,built_in,
171117,1212,1.06,built_in,
171117,1213,1.816,built_in,
171117,1214,2.014,built_in,
171117,1215,0.596,built_in,
171117,1216,0.251,built_in,
171117,1217,0.912,built_in,
171117,1218,0.806,built_in,
171117,1219,1.102,built_in,
171117,1220,1.505,built_in,
171117,1221,0.706,built_in,
171117,1269,1.818,built_in,
171117,1270,0.1,built_in,
171117,1272,0.031,built_in,
171117,1278,0.008,built_in,
171117,1316,1.787,built_in,
171117,1404,0.081,built_in,
171205,1003,32.49,built_in,
171205,1004,7.14,built_in,
171205,1005,0,built_in,
171205,1008,194,built_in,
171205,1051,59.49,built_in,
171205,1079,0,built_in,
171205,1087,17,built_in,
171205,1088,0,built_in,
171205,1089,3.06,built_in,
171205,1090,22,built_in,
171205,1091,223,built_in,
171205,1092,315,built_in,
171205,1093,65,built_in,
171205,1095,8.27,built_in,
171205,1098,0.125,built_in,
171205,1100,0,built_in,
171205,1101,0.017,built_in,
171205,1103,35.3,built_in,
171205,1104,5,built_in,
171205,1110,6,built_in,
171205,1109,0.13,built_in,
171205,1165,0.07,built_in,
171205,1166,0.227,built_in,
171205,1167,4.013,built_in,
171205,1170,0.72,built_in,
171205,1171,0,built_in,
171205,1178,2.85,built_in,
171205,1180,102.6,built_in,
171205,1186,0,built_in,
171205,1210,0.373,built_in,
171205,1211,1.471,built_in,
171205,1212,1.422,built_in,
171205,1213,2.689,built_in,
171205,1214,2.923,built_in,
171205,1215,0.947,built_in,
171205,1216,0.346,built_in,
171205,1217,1.266,built_in,
171205,1218,1.152,built_in,
171205,1219,1.503,built_in,
171205,1220,2.185,built_in,
171205,1221,1.072,built_in,
171205,1269,0.299,built_in,
171205,1270,0.012,built_in,
171205,1272,0.001,built_in,
171205,1278,0.004,built_in,
171205,1316,0.369,built_in,
171205,1404,0.015,built_in,
171478,1003,28.98,built_in,
171478,1004,3.03,built_in,
171478,1005,0,built_in,
171478,1008,151,built_in,
171478,1051,68.27,built_in,
171478,1079,0,built_in,
171478,1087,13,built_in,
171478,1088,0,built_in,
171478,1089,0.88,built_in,
171478,1090,24,built_in,
171478,1091,165,built_in,
171478,1092,187,built_in,
171478,1093,63,built_in,
171478,1095,0.97,built_in,
171478,1098,0.043,built_in,
171478,1100,0,built_in,
171478,1101,0.018,built_in,
171478,1103,22.3,built_in,
171478,1104,19,built_in,
171478,1110,5,built_in,
171478,1109,0.27,built_in,
171478,1165,0.042,built_in,
171478,1166,0.119,built_in,
171478,1167,8.469,built_in,
171478,1170,0.573,built_in,
171478,1171,0,built_in,
171478,1178,0.23,built_in,
171478,1180,78.5,built_in,
171478,1186,0,built_in,
171478,1210,0.339,built_in,
171478,1211,1.224,built_in,
171478,1212,1.53,built_in,
171478,1213,2.175,built_in,
171478,1214,2.462,built_in,
171478,1215,0.802,built_in,
171478,1216,0.371,built_in,
171478,1217,1.15,built_in,
171478,1218,0.978,built_in,
171478,1219,1.437,built_in,
171478,1220,1.748,built_in,
171478,1221,0.9,built_in,
171478,1269,0.5,built_in,
171478,1270,0.02,built_in,
171478,1272,0.02,built_in,
171478,1278,0.01,built_in,
171478,1316,0,built_in,
171478,1404,0,built_in,
171485,1003,24.88,built_in,
171485,1004,7.52,built_in,
171485,1005,0,built_in,
171485,1008,174,built_in,
171485,1051,67.15,built_in,
171485,1079,0,built_in,
171485,1087,21,built_in,
171485,1088,0,built_in,
171485,1089,6.96,built_in,
171485,1090,28,built_in,
171485,1091,241,built_in,
171485,1092,203,built_in,
171485,1093,140,built_in,
171485,1095,4.6,built_in,
171485,1098,0.825,built_in,
171485,1100,0,built_in,
171485,1101,0.121,built_in,
171485,1103,56.8,built_in,
171485,1104,54,built_in,
171485,1110,0,built_in,
171485,1109,0.13,built_in,
171485,1165,0.236,built_in,
171485,1166,1.54,built_in,
171485,1167,7.76,built_in,
171485,1170,0,built_in,
171485,1171,0,built_in,
171485,1178,13.9,built_in,
171485,1180,172.5,built_in,
171485,1186,0,built_in,
171485,1210,0.271,built_in,
171485,1211,0.899,built_in,
171485,1212,0.707,built_in,
171485,1213,1.785,built_in,
171485,1214,1.877,built_in,
171485,1215,0.628,built_in,
171485,1216,0.289,built_in,
171485,1217,0.916,built_in,
171485,1218,0.787,built_in,
171485,1219,0.876,built_in,
171485,1220,1.454,built_in,
171485,1221,0.543,built_in,
171485,1269,1.412,built_in,
171485,1270,0.05,built_in,
171485,1272,0.005,built_in,
171485,1278,0.009,built_in,
171485,1316,1.39,built_in,
171485,1404,0.049,built_in,
171487,1003,27,built_in,
171487,1004,8.18,built_in,
171487,1005,0,built_in,
171487,1008,189,built_in,
171487,1051,63.99,built_in,
171487,1079,0,built_in,
171487,1087,19,built_in,
171487,1088,0,built_in,
171487,1089,1.79,built_in,
171487,1090,26,built_in,
171487,1091,312,built_in,
171487,1092,153,built_in,
171487,1093,98,built_in,
171487,1095,4.53,built_in,
171487,1098,1.046,built_in,
171487,1100,0,built_in,
171487,1101,0.331,built_in,
171487,1103,102.3,built_in,
171487,1104,35836,built_in,
171487,1110,0,built_in,
171487,1109,0.15,built_in,
171487,1165,0.256,built_in,
171487,1166,2.687,built_in,
171487,1167,11.09,built_in,
171487,1170,4.35,built_in,
171487,1171,0,built_in,
171487,1178,28.17,built_in,
171487,1180,220.2,built_in,
171487,1186,0,built_in,
171487,1210,0.294,built_in,
171487,1211,0.976,built_in,
171487,1212,0.767,built_in,
171487,1213,1.937,built_in,
171487,1214,2.037,built_in,
171487,1215,0.681,built_in,
171487,1216,0.314,built_in,
171487,1217,0.994,built_in,
171487,1218,0.854,built_in,
171487,1219,0.95,built_in,
171487,1220,1.577,built_in,
171487,1221,0.589,built_in,
171487,1269,1.471,built_in,
171487,1270,0.035,built_in,
171487,1272,0.053,built_in,
171487,1278,0.016,built_in,
171487,1316,1.453,built_in,
171487,1404,0.033,built_in,
171492,1003,28.71,built_in,
171492,1004,7.41,built_in,
171492,1005,0,built_in,
171492,1008,189,built_in,
171492,1051,63.22,built_in,
171492,1079,0,built_in,
171492,1087,21,built_in,
171492,1088,0,built_in,
171492,1089,1.4,built_in,
171492,1090,27,built_in,
171492,1091,210,built_in,
171492,1092,288,built_in,
171492,1093,63,built_in,
171492,1095,2.03,built_in,
171492,1098,0.047,built_in,
171492,1100,0,built_in,
171492,1101,0.02,built_in,
171492,1103,29.1,built_in,
171492,1104,0,built_in,
171492,1110,0,built_in,
171492,1109,0,built_in,
171492,1165,0.057,built_in,
171492,1166,0.131,built_in,
171492,1167,6.365,built_in,
171492,1170,0.634,built_in,
171492,1171,0,built_in,
171492,1178,0.36,built_in,
171492,1180,0,built_in,
171492,1186,0,built_in,
171492,1210,0.318,built_in,
171492,1211,1.257,built_in,
171492,1212,1.447,built_in,
171492,1213,2.24,built_in,
171492,1214,2.626,built_in,
171492,1215,0.811,built_in,
171492,1216,0.313,built_in,
171492,1217,1.126,built_in,
171492,1218,1.096,built_in,
171492,1219,1.5,built_in,
171492,1220,2.02,built_in,
171492,1221,0.868,built_in,
171492,1269,1.45,built_in,
171492,1270,0.08,built_in,
171492,1272,0.03,built_in,
171492,1278,0,built_in,
171492,1316,0,built_in,
171492,1404,0,built_in,
171494,1003,27.87,built_in,
171494,1004,9.82,built_in,
171494,1005,0,built_in,
171494,1008,208,built_in,
171494,1051,61.19,built_in,
171494,1079,0,built_in,
171494,1087,32,built_in,
171494,1088,0,built_in,
171494,1089,2.3,built_in,
171494,1090,23,built_in,
171494,1091,199,built_in,
171494,1092,280,built_in,
171494,1093,77,built_in,
171494,1095,4.27,built_in,
171494,1098,0.154,built_in,
171494,1100,0,built_in,
171494,1101,0.023,built_in,
171494,1103,37.8,built_in,
171494,1104,0,built_in,
171494,1110,4,built_in,
171494,1109,0.62,built_in,
171494,1165,0.06,built_in,
171494,1166,0.241,built_in,
171494,1167,3.561,built_in,
171494,1170,1.205,built_in,
171494,1171,0,built_in,
171494,1178,0.36,built_in,
171494,1180,70.8,built_in,
171494,1186,0,built_in,
171494,1210,0.311,built_in,
171494,1211,1.225,built_in,
171494,1212,1.417,built_in,
171494,1213,2.187,built_in,
171494,1214,2.571,built_in,
171494,1215,0.793,built_in,
171494,1216,0.3,built_in,
171494,1217,1.096,built_in,
171494,1218,1.074,built_in,
171494,1219,1.463,built_in,
171494,1220,1.956,built_in,
171494,1221,0.85,built_in,
171494,1269,2.27,built_in,
171494,1270,0.11,built_in,
171494,1272,0.05,built_in,
171494,1278,0,built_in,
171494,1316,0,built_in,
171494,1404,0,built_in,
171956,1003,22.83,built_in,
171956,1004,0.86,built_in,
171956,1005,0,built_in,
171956,1008,105,built_in,
171956,1051,75.92,built_in,
171956,1079,0,built_in,
171956,1087,14,built_in,
171956,1088,0,built_in,
171956,1089,0.49,built_in,
171956,1090,42,built_in,
171956,1091,138,built_in,
171956,1092,244,built_in,
171956,1093,78,built_in,
171956,1095,0.58,built_in,
171956,1098,0.036,built_in,
171956,1100,0,built_in,
171956,1101,0.02,built_in,
171956,1103,37.6,built_in,
171956,1104,47,built_in,
171956,1110,46,built_in,
171956,1109,0.81,built_in,
171956,1165,0.088,built_in,
171956,1166,0.079,built_in,
171956,1167,2.513,built_in,
171956,1170,0.18,built_in,
171956,1171,0,built_in,
171956,1178,1.05,built_in,
171956,1180,83.7,built_in,
171956,1186,0,built_in,
171956,1210,0.256,built_in,
171956,1211,1.001,built_in,
171956,1212,1.052,built_in,
171956,1213,1.856,built_in,
171956,1214,2.097,built_in,
171956,1215,0.676,built_in,
171956,1216,0.245,built_in,
171956,1217,0.891,built_in,
171956,1218,0.771,built_in,
171956,1219,1.176,built_in,
171956,1220,1.366,built_in,
171956,1221,0.672,built_in,
171956,1269,0.006,built_in,
171956,1270,0.001,built_in,
171956,1272,0.154,built_in,
171956,1278,0.004,built_in,
171956,1316,0,built_in,
171956,1404,0,built_in,
172336,1003,0,built_in,
172336,1004,100,built_in,
172336,1005,0,built_in,
172336,1008,884,built_in,
172336,1051,0,built_in,
172336,1079,0,built_in,
172336,1087,0,built_in,
172336,1088,0,built_in,
172336,1089,0,built_in,
172336,1090,0,built_in,
172336,1091,0,built_in,
172336,1092,0,built_in,
172336,1093,0,built_in,
172336,1095,0,built_in,
172336,1098,0,built_in,
172336,1100,0,built_in,
172336,1101,0,built_in,
172336,1103,0,built_in,
172336,1104,0,built_in,
172336,1110,0,built_in,
172336,1109,17.46,built_in,
172336,1165,0,built_in,
172336,1166,0,built_in,
172336,1167,0,built_in,
172336,1170,0,built_in,
172336,1171,0,built_in,
172336,1178,0,built_in,
172336,1180,0.2,built_in,
172336,1186,0,built_in,
172336,1210,0,built_in,
172336,1211,0,built_in,
172336,1212,0,built_in,
172336,1213,0,built_in,
172336,1214,0,built_in,
172336,1215,0,built_in,
172336,1216,0,built_in,
172336,1217,0,built_in,
172336,1218,0,built_in,
172336,1219,0,built_in,
172336,1220,0,built_in,
172336,1221,0,built_in,
172336,1269,19.005,built_in,
172336,1270,9.137,built_in,
172336,1272,0,built_in,
172336,1278,0,built_in,
172336,1316,18.64,built_in,
172336,1404,9.137,built_in,
172343,1003,0,built_in,
172343,1004,100,built_in,
172343,1005,0,built_in,
172343,1008,902,built_in,
172343,1051,0,built_in,
172343,1079,0,built_in,
172343,1087,0,built_in,
172343,1088,0,built_in,
172343,1089,0,built_in,
172343,1090,0,built_in,
172343,1091,0,built_in,
172343,1092,0,built_in,
172343,1093,0,built_in,
172343,1095,0,built_in,
172343,1098,0,built_in,
172343,1100,0,built_in,
172343,1101,0,built_in,
172343,1103,0,built_in,
172343,1104,0,built_in,
172343,1110,0,built_in,
172343,1109,0,built_in,
172343,1165,0,built_in,
172343,1166,0,built_in,
172343,1167,0,built_in,
172343,1170,0,built_in,
172343,1171,0,built_in,
172343,1178,0,built_in,
172343,1180,0,built_in,
172343,1186,0,built_in,
172343,1210,0,built_in,
172343,1211,0,built_in,
172343,1212,0,built_in,
172343,1213,0,built_in,
172343,1214,0,built_in,
172343,1215,0,built_in,
172343,1216,0,built_in,
172343,1217,0,built_in,
172343,1218,0,built_in,
172343,1219,0,built_in,
172343,1220,0,built_in,
172343,1221,0,built_in,
172343,1269,1.543,built_in,
172343,1270,1.061,built_in,
172343,1272,18.232,built_in,
172343,1278,13.023,built_in,
172343,1316,0,built_in,
172343,1404,0,built_in,
172377,1003,27.5,built_in,
172377,1004,5.71,built_in,
172377,1005,0,built_in,
172377,1008,169,built_in,
172377,1051,67.58,built_in,
172377,1079,0,built_in,
172377,1087,11,built_in,
172377,1088,0,built_in,
172377,1089,1.37,built_in,
172377,1090,21,built_in,
172377,1091,150,built_in,
172377,1092,199,built_in,
172377,1093,80,built_in,
172377,1095,3.02,built_in,
172377,1098,0.077,built_in,
172377,1100,0,built_in,
172377,1101,0.019,built_in,
172377,1103,18,built_in,
172377,1104,57,built_in,
172377,1110,5,built_in,
172377,1109,0.27,built_in,
172377,1165,0.054,built_in,
172377,1166,0.213,built_in,
172377,1167,4.3,built_in,
172377,1170,0.961,built_in,
172377,1171,0,built_in,
172377,1178,0.24,built_in,
172377,1180,73.1,built_in,
172377,1186,0,built_in,
172377,1210,0.321,built_in,
172377,1211,1.162,built_in,
172377,1212,1.452,built_in,
172377,1213,2.064,built_in,
172377,1214,2.337,built_in,
172377,1215,0.761,built_in,
172377,1216,0.352,built_in,
172377,1217,1.091,built_in,
172377,1218,0.929,built_in,
172377,1219,1.364,built_in,
172377,1220,1.659,built_in,
172377,1221,0.854,built_in,
172377,1269,1.09,built_in,
172377,1270,0.05,built_in,
172377,1272,0.04,built_in,
172377,1278,0.01,built_in,
172377,1316,0,built_in,
172377,1404,0,built_in,
172381,1003,26.26,built_in,
172381,1004,8.06,built_in,
172381,1005,0,built_in,
172381,1008,185,built_in,
172381,1051,66.44,built_in,
172381,1079,0,built_in,
172381,1087,11,built_in,
172381,1088,0,built_in,
172381,1089,1.4,built_in,
172381,1090,21,built_in,
172381,1091,149,built_in,
172381,1092,190,built_in,
172381,1093,78,built_in,
172381,1095,2.78,built_in,
172381,1098,0.077,built_in,
172381,1100,0,built_in,
172381,1101,0.019,built_in,
172381,1103,26.5,built_in,
172381,1104,60,built_in,
172381,1110,5,built_in,
172381,1109,0.27,built_in,
172381,1165,0.059,built_in,
172381,1166,0.216,built_in,
172381,1167,4.798,built_in,
172381,1170,0.913,built_in,
172381,1171,0,built_in,
172381,1178,0.23,built_in,
172381,1180,69.7,built_in,
172381,1186,0,built_in,
172381,1210,0.307,built_in,
172381,1211,1.109,built_in,
172381,1212,1.387,built_in,
172381,1213,1.971,built_in,
172381,1214,2.231,built_in,
172381,1215,0.727,built_in,
172381,1216,0.336,built_in,
172381,1217,1.042,built_in,
172381,1218,0.887,built_in,
172381,1219,1.303,built_in,
172381,1220,1.584,built_in,
172381,1221,0.815,built_in,
172381,1269,1.55,built_in,
172381,1270,0.07,built_in,
172381,1272,0.05,built_in,
172381,1278,0.01,built_in,
172381,1316,0,built_in,
172381,1404,0,built_in,
172389,1003,25,built_in,
172389,1004,9.79,built_in,
172389,1005,0,built_in,
172389,1008,195,built_in,
172389,1051,65.59,built_in,
172389,1079,0,built_in,
172389,1087,11,built_in,
172389,1088,0,built_in,
172389,1089,1.42,built_in,
172389,1090,21,built_in,
172389,1091,149,built_in,
172389,1092,183,built_in,
172389,1093,75,built_in,
172389,1095,2.58,built_in,
172389,1098,0.077,built_in,
172389,1100,0,built_in,
172389,1101,0.02,built_in,
172389,1103,17.1,built_in,
172389,1104,62,built_in,
172389,1110,5,built_in,
172389,1109,0.27,built_in,
172389,1165,0.063,built_in,
172389,1166,0.218,built_in,
172389,1167,5.2,built_in,
172389,1170,0.874,built_in,
172389,1171,0,built_in,
172389,1178,0.21,built_in,
172389,1180,67.3,built_in,
172389,1186,0,built_in,
172389,1210,0.292,built_in,
172389,1211,1.056,built_in,
172389,1212,1.32,built_in,
172389,1213,1.876,built_in,
172389,1214,2.123,built_in,
172389,1215,0.692,built_in,
172389,1216,0.32,built_in,
172389,1217,0.992,built_in,
172389,1218,0.844,built_in,
172389,1219,1.24,built_in,
172389,1220,1.508,built_in,
172389,1221,0.776,built_in,
172389,1269,1.89,built_in,
172389,1270,0.09,built_in,
172389,1272,0.05,built_in,
172389,1278,0.01,built_in,
172389,1316,0,built_in,
172389,1404,0,built_in,
172409,1003,18.99,built_in,
172409,1004,28.35,built_in,
172409,1005,0,built_in,
172409,1008,337,built_in,
172409,1051,51.84,built_in,
172409,1079,0,built_in,
172409,1087,11,built_in,
172409,1088,0,built_in,
172409,1089,2.7,built_in,
172409,1090,16,built_in,
172409,1091,156,built_in,
172409,1092,204,built_in,
172409,1093,59,built_in,
172409,1095,1.86,built_in,
172409,1098,0.227,built_in,
172409,1100,0,built_in,
172409,1101,0.019,built_in,
172409,1103,20,built_in,
172409,1104,210,built_in,
172409,1110,3,built_in,
172409,1109,0.7,built_in,
172409,1165,0.174,built_in,
172409,1166,0.269,built_in,
172409,1167,4.825,built_in,
172409,1170,1.098,built_in,
172409,1171,0,built_in,
172409,1178,0.3,built_in,
172409,1180,50.4,built_in,
172409,1186,0,built_in,
172409,1210,0.232,built_in,
172409,1211,0.773,built_in,
172409,1212,0.872,built_in,
172409,1213,1.465,built_in,
172409,1214,1.486,built_in,
172409,1215,0.475,built_in,
172409,1216,0.299,built_in,
172409,1217,0.752,built_in,
172409,1218,0.64,built_in,
172409,1219,0.938,built_in,
172409,1220,1.284,built_in,
172409,1221,0.462,built_in,
172409,1269,3.36,built_in,
172409,1270,0.29,built_in,
172409,1272,0,built_in,
172409,1278,0,built_in,
172409,1316,0,built_in,
172409,1404,0,built_in,
172411,1003,23.48,built_in,
172411,1004,11.2,built_in,
172411,1005,0,built_in,
172411,1008,201,built_in,
172411,1051,64.22,built_in,
172411,1079,0,built_in,
172411,1087,12,built_in,
172411,1088,0,built_in,
172411,1089,2.7,built_in,
172411,1090,20,built_in,
172411,1091,203,built_in,
172411,1092,252,built_in,
172411,1093,65,built_in,
172411,1095,2.6,built_in,
172411,1098,0.231,built_in,
172411,1100,0,built_in,
172411,1101,0.019,built_in,
172411,1103,22.4,built_in,
172411,1104,77,built_in,
172411,1110,4,built_in,
172411,1109,0.7,built_in,
172411,1165,0.26,built_in,
172411,1166,0.47,built_in,
172411,1167,5.1,built_in,
172411,1170,1.5,built_in,
172411,1171,0,built_in,
172411,1178,0.4,built_in,
172411,1180,65,built_in,
172411,1186,0,built_in,
172411,1210,0.327,built_in,
172411,1211,1.003,built_in,
172411,1212,1.206,built_in,
172411,1213,1.983,built_in,
172411,1214,2.009,built_in,
172411,1215,0.635,built_in,
172411,1216,0.361,built_in,
172411,1217,0.984,built_in,
172411,1218,0.894,built_in,
172411,1219,1.228,built_in,
172411,1220,1.499,built_in,
172411,1221,0.62,built_in,
172411,1269,1.341,built_in,
172411,1270,0.146,built_in,
172411,1272,0,built_in,
172411,1278,0,built_in,
172411,1316,0,built_in,
172411,1404,0,built_in,
172528,1003,24.97,built_in,
172528,1004,7.91,built_in,
172528,1005,1.93,built_in,
172528,1008,185,built_in,
172528,1051,64.2,built_in,
172528,1079,0,built_in,
172528,1087,14,built_in,
172528,1088,0,built_in,
172528,1089,5.52,built_in,
172528,1090,24,built_in,
172528,1091,254,built_in,
172528,1092,188,built_in,
172528,1093,63,built_in,
172528,1095,3.68,built_in,
172528,1098,0.61,built_in,
172528,1100,0,built_in,
172528,1101,0.055,built_in,
172528,1103,47,built_in,
172528,1104,0,built_in,
172528,1110,0,built_in,
172528,1109,0,built_in,
172528,1165,0.17,built_in,
172528,1166,1.19,built_in,
172528,1167,4.36,built_in,
172528,1170,1.37,built_in,
172528,1171,0,built_in,
172528,1178,11.2,built_in,
172528,1180,0,built_in,
172528,1186,0,built_in,
172528,1210,0.271,built_in,
172528,1211,1.178,built_in,
172528,1212,1.082,built_in,
172528,1213,2.124,built_in,
172528,1214,1.881,built_in,
172528,1215,0.547,built_in,
172528,1216,0.209,built_in,
172528,1217,1.08,built_in,
172528,1218,0.778,built_in,
172528,1219,1.243,built_in,
172528,1220,1.633,built_in,
172528,1221,0.571,built_in,
172528,1269,0.33,built_in,
172528,1270,0.18,built_in,
172528,1272,0.04,built_in,
172528,1278,0.06,built_in,
172528,1316,0,built_in,
172528,1404,0,built_in,
172532,1003,30.57,built_in,
172532,1004,8.81,built_in,
172532,1005,2.53,built_in,
172532,1008,220,built_in,
172532,1051,56.67,built_in,
172532,1079,0,built_in,
172532,1087,8,built_in,
172532,1088,0,built_in,
172532,1089,8.28,built_in,
172532,1090,22,built_in,
172532,1091,420,built_in,
172532,1092,221,built_in,
172532,1093,56,built_in,
172532,1095,7.89,built_in,
172532,1098,7.074,built_in,
172532,1100,0,built_in,
172532,1101,0.52,built_in,
172532,1103,111.4,built_in,
172532,1104,24945,built_in,
172532,1110,0,built_in,
172532,1109,0,built_in,
172532,1165,0.23,built_in,
172532,1166,4.03,built_in,
172532,1167,12.15,built_in,
172532,1170,3.96,built_in,
172532,1171,0,built_in,
172532,1178,76.5,built_in,
172532,1180,0,built_in,
172532,1186,0,built_in,
172532,1210,0.355,built_in,
172532,1211,1.322,built_in,
172532,1212,1.316,built_in,
172532,1213,2.497,built_in,
172532,1214,1.653,built_in,
172532,1215,0.664,built_in,
172532,1216,0.32,built_in,
172532,1217,1.365,built_in,
172532,1218,1.09,built_in,
172532,1219,1.683,built_in,
172532,1220,1.714,built_in,
172532,1221,0.718,built_in,
172532,1269,0.57,built_in,
172532,1270,0.12,built_in,
172532,1272,0,built_in,
172532,1278,0,built_in,
172532,1316,0,built_in,
172532,1404,0,built_in,
173424,1003,12.58,built_in,
173424,1004,10.61,built_in,
173424,1005,1.12,built_in,
173424,1008,155,built_in,
173424,1051,74.62,built_in,
173424,1079,0,built_in,
173424,1087,50,built_in,
173424,1088,0,built_in,
173424,1089,1.19,built_in,
173424,1090,10,built_in,
173424,1091,172,built_in,
173424,1092,126,built_in,
173424,1093,124,built_in,
173424,1095,1.05,built_in,
173424,1098,0.013,built_in,
173424,1100,0,built_in,
173424,1101,0.026,built_in,
173424,1103,30.8,built_in,
173424,1104,520,built_in,
173424,1110,87,built_in,
173424,1109,1.03,built_in,
173424,1165,0.066,built_in,
173424,1166,0.513,built_in,
173424,1167,0.064,built_in,
173424,1170,1.398,built_in,
173424,1171,0,built_in,
173424,1178,1.11,built_in,
173424,1180,293.8,built_in,
173424,1186,0,built_in,
173424,1210,0.153,built_in,
173424,1211,0.604,built_in,
173424,1212,0.686,built_in,
173424,1213,1.075,built_in,
173424,1214,0.904,built_in,
173424,1215,0.392,built_in,
173424,1216,0.292,built_in,
173424,1217,0.668,built_in,
173424,1218,0.513,built_in,
173424,1219,0.767,built_in,
173424,1220,0.755,built_in,
173424,1221,0.298,built_in,
173424,1269,1.188,built_in,
173424,1270,0.035,built_in,
173424,1272,0.038,built_in,
173424,1278,0.005,built_in,
173424,1316,0,built_in,
173424,1404,0,built_in,
173577,1003,0,built_in,
173577,1004,100,built_in,
173577,1005,0,built_in,
173577,1008,902,built_in,
173577,1051,0,built_in,
173577,1079,0,built_in,
173577,1087,0,built_in,
173577,1088,0,built_in,
173577,1089,0,built_in,
173577,1090,0,built_in,
173577,1091,0,built_in,
173577,1092,0,built_in,
173577,1093,0,built_in,
173577,1095,0,built_in,
173577,1098,0,built_in,
173577,1100,0,built_in,
173577,1101,0,built_in,
173577,1103,0,built_in,
173577,1104,100000,built_in,
173577,1110,10000,built_in,
173577,1109,0,built_in,
173577,1165,0,built_in,
173577,1166,0,built_in,
173577,1167,0,built_in,
173577,1170,0,built_in,
173577,1171,0,built_in,
173577,1178,0,built_in,
173577,1180,0,built_in,
173577,1186,0,built_in,
173577,1210,0,built_in,
173577,1211,0,built_in,
173577,1212,0,built_in,
173577,1213,0,built_in,
173577,1214,0,built_in,
173577,1215,0,built_in,
173577,1216,0,built_in,
173577,1217,0,built_in,
173577,1218,0,built_in,
173577,1219,0,built_in,
173577,1220,0,built_in,
173577,1221,0,built_in,
173577,1269,0.935,built_in,
173577,1270,0.935,built_in,
173577,1272,10.968,built_in,
173577,1278,6.898,built_in,
173577,1316,0,built_in,
173577,1404,0,built_in,
173578,1003,0,built_in,
173578,1004,100,built_in,
173578,1005,0,built_in,
173578,1008,902,built_in,
173578,1051,0,built_in,
173578,1079,0,built_in,
173578,1087,0,built_in,
173578,1088,0,built_in,
173578,1089,0,built_in,
173578,1090,0,built_in,
173578,1091,0,built_in,
173578,1092,0,built_in,
173578,1093,0,built_in,
173578,1095,0,built_in,
173578,1098,0,built_in,
173578,1100,0,built_in,
173578,1101,0,built_in,
173578,1103,0,built_in,
173578,1104,0,built_in,
173578,1110,332,built_in,
173578,1109,0,built_in,
173578,1165,0,built_in,
173578,1166,0,built_in,
173578,1167,0,built_in,
173578,1170,0,built_in,
173578,1171,0,built_in,
173578,1178,0,built_in,
173578,1180,0,built_in,
173578,1186,0,built_in,
173578,1210,0,built_in,
173578,1211,0,built_in,
173578,1212,0,built_in,
173578,1213,0,built_in,
173578,1214,0,built_in,
173578,1215,0,built_in,
173578,1216,0,built_in,
173578,1217,0,built_in,
173578,1218,0,built_in,
173578,1219,0,built_in,
173578,1220,0,built_in,
173578,1221,0,built_in,
173578,1269,2.014,built_in,
173578,1270,1.327,built_in,
173578,1272,10.656,built_in,
173578,1278,10.137,built_in,
173578,1316,0,built_in,
173578,1404,0,built_in,
173613,1003,25.32,built_in,
173613,1004,10.64,built_in,
173613,1005,0,built_in,
173613,1008,204,built_in,
173613,1051,65.12,built_in,
173613,1079,0,built_in,
173613,1087,11,built_in,
173613,1088,0,built_in,
173613,1089,1.33,built_in,
173613,1090,20,built_in,
173613,1091,141,built_in,
173613,1092,184,built_in,
173613,1093,76,built_in,
173613,1095,2.65,built_in,
173613,1098,0.071,built_in,
173613,1100,0,built_in,
173613,1101,0.019,built_in,
173613,1103,17,built_in,
173613,1104,91,built_in,
173613,1110,5,built_in,
173613,1109,0.27,built_in,
173613,1165,0.05,built_in,
173613,1166,0.19,built_in,
173613,1167,4.204,built_in,
173613,1170,0.858,built_in,
173613,1171,0,built_in,
173613,1178,0.22,built_in,
173613,1180,59.2,built_in,
173613,1186,0,built_in,
173613,1210,0.286,built_in,
173613,1211,1.051,built_in,
173613,1212,1.28,built_in,
173613,1213,1.855,built_in,
173613,1214,2.082,built_in,
173613,1215,0.68,built_in,
173613,1216,0.335,built_in,
173613,1217,0.988,built_in,
173613,1218,0.824,built_in,
173613,1219,1.235,built_in,
173613,1220,1.573,built_in,
173613,1221,0.753,built_in,
173613,1269,2.04,built_in,
173613,1270,0.09,built_in,
173613,1272,0.04,built_in,
173613,1278,0.01,built_in,
173613,1316,0,built_in,
173613,1404,0,built_in,
173618,1003,24.17,built_in,
173618,1004,12.92,built_in,
173618,1005,0,built_in,
173618,1008,220,built_in,
173618,1051,64.01,built_in,
173618,1079,0,built_in,
173618,1087,11,built_in,
173618,1088,0,built_in,
173618,1089,1.35,built_in,
173618,1090,20,built_in,
173618,1091,139,built_in,
173618,1092,176,built_in,
173618,1093,73,built_in,
173618,1095,2.43,built_in,
173618,1098,0.071,built_in,
173618,1100,0,built_in,
173618,1101,0.019,built_in,
173618,1103,18.9,built_in,
173618,1104,124,built_in,
173618,1110,5,built_in,
173618,1109,0.27,built_in,
173618,1165,0.054,built_in,
173618,1166,0.191,built_in,
173618,1167,4.59,built_in,
173618,1170,0.812,built_in,
173618,1171,0,built_in,
173618,1178,0.2,built_in,
173618,1180,56.4,built_in,
173618,1186,0,built_in,
173618,1210,0.271,built_in,
173618,1211,1.002,built_in,
173618,1212,1.216,built_in,
173618,1213,1.766,built_in,
173618,1214,1.979,built_in,
173618,1215,0.646,built_in,
173618,1216,0.321,built_in,
173618,1217,0.942,built_in,
173618,1218,0.784,built_in,
173618,1219,1.177,built_in,
173618,1220,1.507,built_in,
173618,1221,0.715,built_in,
173618,1269,2.49,built_in,
173618,1270,0.11,built_in,
173618,1272,0.04,built_in,
173618,1278,0.01,built_in,
173618,1316,0,built_in,
173618,1404,0,built_in,
173626,1003,23.26,built_in,
173626,1004,14.74,built_in,
173626,1005,0,built_in,
173626,1008,232,built_in,
173626,1051,63.11,built_in,
173626,1079,0,built_in,
173626,1087,11,built_in,
173626,1088,0,built_in,
173626,1089,1.37,built_in,
173626,1090,19,built_in,
173626,1091,139,built_in,
173626,1092,170,built_in,
173626,1093,71,built_in,
173626,1095,2.25,built_in,
173626,1098,0.07,built_in,
173626,1100,0,built_in,
173626,1101,0.019,built_in,
173626,1103,17.9,built_in,
173626,1104,151,built_in,
173626,1110,5,built_in,
173626,1109,0.27,built_in,
173626,1165,0.057,built_in,
173626,1166,0.191,built_in,
173626,1167,4.894,built_in,
173626,1170,0.776,built_in,
173626,1171,0,built_in,
173626,1178,0.19,built_in,
173626,1180,54.1,built_in,
173626,1186,0,built_in,
173626,1210,0.26,built_in,
173626,1211,0.962,built_in,
173626,1212,1.164,built_in,
173626,1213,1.695,built_in,
173626,1214,1.898,built_in,
173626,1215,0.62,built_in,
173626,1216,0.31,built_in,
173626,1217,0.905,built_in,
173626,1218,0.751,built_in,
173626,1219,1.13,built_in,
173626,1220,1.456,built_in,
173626,1221,0.685,built_in,
173626,1269,2.84,built_in,
173626,1270,0.13,built_in,
173626,1272,0.04,built_in,
173626,1278,0.01,built_in,
173626,1316,0,built_in,
173626,1404,0,built_in,
173719,1003,23.45,built_in,
173719,1004,4.3,built_in,
173719,1005,0,built_in,
173719,1008,139,built_in,
173719,1051,71.5,built_in,
173719,1079,0,built_in,
173719,1087,45,built_in,
173719,1088,0,built_in,
173719,1089,0.61,built_in,
173719,1090,33,built_in,
173719,1091,322,built_in,
173719,1092,434,built_in,
173719,1093,58,built_in,
173719,1095,0.56,built_in,
173719,1098,0.071,built_in,
173719,1100,0,built_in,
173719,1101,0.019,built_in,
173719,1103,38,built_in,
173719,1104,169,built_in,
173719,1110,451,built_in,
173719,1109,0.92,built_in,
173719,1165,0.075,built_in,
173719,1166,0.14,built_in,
173719,1167,7.95,built_in,
173719,1170,0.81,built_in,
173719,1171,0,built_in,
173719,1178,5,built_in,
173719,1180,72,built_in,
173719,1186,0,built_in,
173719,1210,0.263,built_in,
173719,1211,1.028,built_in,
173719,1212,1.081,built_in,
173719,1213,1.906,built_in,
173719,1214,2.154,built_in,
173719,1215,0.694,built_in,
173719,1216,0.251,built_in,
173719,1217,0.915,built_in,
173719,1218,0.792,built_in,
173719,1219,1.208,built_in,
173719,1220,1.403,built_in,
173719,1221,0.69,built_in,
173719,1269,0.056,built_in,
173719,1270,0.055,built_in,
173719,1272,0.658,built_in,
173719,1278,0.401,built_in,
173719,1316,0,built_in,
173719,1404,0,built_in,
174004,1003,27.51,built_in,
174004,1004,7.49,built_in,
174004,1005,0,built_in,
174004,1008,177,built_in,
174004,1051,64.79,built_in,
174004,1079,0,built_in,
174004,1087,13,built_in,
174004,1088,0,built_in,
174004,1089,3.22,built_in,
174004,1090,18,built_in,
174004,1091,255,built_in,
174004,1092,350,built_in,
174004,1093,56,built_in,
174004,1095,4.19,built_in,
174004,1098,0.091,built_in,
174004,1100,0,built_in,
174004,1101,0.009,built_in,
174004,1103,25.1,built_in,
174004,1104,5,built_in,
174004,1110,3,built_in,
174004,1109,0.28,built_in,
174004,1165,0.069,built_in,
174004,1166,0.395,built_in,
174004,1167,5.586,built_in,
174004,1170,0.459,built_in,
174004,1171,0,built_in,
174004,1178,4.09,built_in,
174004,1180,72,built_in,
174004,1186,0,built_in,
174004,1210,0.337,built_in,
174004,1211,1.413,built_in,
174004,1212,1.402,built_in,
174004,1213,2.587,built_in,
174004,1214,2.891,built_in,
174004,1215,0.799,built_in,
174004,1216,0.302,built_in,
174004,1217,1.198,built_in,
174004,1218,1.123,built_in,
174004,1219,1.482,built_in,
174004,1220,2.017,built_in,
174004,1221,1.116,built_in,
174004,1269,0.449,built_in,
174004,1270,0.015,built_in,
174004,1272,0.002,built_in,
174004,1278,0.003,built_in,
174004,1316,0.372,built_in,
174004,1404,0.015,built_in,
174032,1003,25.93,built_in,
174032,1004,15.41,built_in,
174032,1005,0,built_in,
174032,1008,250,built_in,
174032,1051,57.98,built_in,
174032,1079,0,built_in,
174032,1087,18,built_in,
174032,1088,0,built_in,
174032,1089,2.6,built_in,
174032,1090,21,built_in,
174032,1091,198,built_in,
174032,1092,318,built_in,
174032,1093,72,built_in,
174032,1095,6.31,built_in,
174032,1098,0.085,built_in,
174032,1100,0,built_in,
174032,1101,0.012,built_in,
174032,1103,21.5,built_in,
174032,1104,9,built_in,
174032,1110,2,built_in,
174032,1109,0.12,built_in,
174032,1165,0.046,built_in,
174032,1166,0.176,built_in,
174032,1167,5.378,built_in,
174032,1170,0.658,built_in,
174032,1171,0,built_in,
174032,1178,2.64,built_in,
174032,1180,82.4,built_in,
174032,1186,0,built_in,
174032,1210,0.094,built_in,
174032,1211,0.72,built_in,
174032,1212,0.822,built_in,
174032,1213,1.45,built_in,
174032,1214,1.54,built_in,
174032,1215,0.478,built_in,
174032,1216,0.191,built_in,
174032,1217,0.725,built_in,
174032,1218,0.572,built_in,
174032,1219,0.914,built_in,
174032,1220,1.21,built_in,
174032,1221,0.604,built_in,
174032,1269,0.361,built_in,
174032,1270,0.056,built_in,
174032,1272,0.001,built_in,
174032,1278,0.003,built_in,
174032,1316,0,built_in,
174032,1404,0.044,built_in,
174233,1003,21.01,built_in,
174233,1004,17.79,built_in,
174233,1005,0,built_in,
174233,1008,250,built_in,
174233,1051,63.49,built_in,
174233,1079,0,built_in,
174233,1087,106,built_in,
174233,1088,0,built_in,
174233,1089,1.44,built_in,
174233,1090,41,built_in,
174233,1091,292,built_in,
174233,1092,542,built_in,
174233,1093,95,built_in,
174233,1095,0.68,built_in,
174233,1098,0.1,built_in,
174233,1100,0,built_in,
174233,1101,0.058,built_in,
174233,1103,46.8,built_in,
174233,1104,116,built_in,
174233,1110,0,built_in,
174233,1109,0,built_in,
174233,1165,0.073,built_in,
174233,1166,0.256,built_in,
174233,1167,2.821,built_in,
174233,1170,1.154,built_in,
174233,1171,0,built_in,
174233,1178,9.62,built_in,
174233,1180,0,built_in,
174233,1186,0,built_in,
174233,1210,0.235,built_in,
174233,1211,0.921,built_in,
174233,1212,0.968,built_in,
174233,1213,1.708,built_in,
174233,1214,1.93,built_in,
174233,1215,0.622,built_in,
174233,1216,0.225,built_in,
174233,1217,0.82,built_in,
174233,1218,0.709,built_in,
174233,1219,1.083,built_in,
174233,1220,1.257,built_in,
174233,1221,0.619,built_in,
174233,1269,0.246,built_in,
174233,1270,0.073,built_in,
174233,1272,0.883,built_in,
174233,1278,1.242,built_in,
174233,1316,0,built_in,
174233,1404,0,built_in,
175117,1003,23.03,built_in,
175117,1004,11.59,built_in,
175117,1005,0,built_in,
175117,1008,203,built_in,
175117,1051,64.16,built_in,
175117,1079,0,built_in,
175117,1087,74,built_in,
175117,1088,0,built_in,
175117,1089,1.41,built_in,
175117,1090,41,built_in,
175117,1091,303,built_in,
175117,1092,419,built_in,
175117,1093,115,built_in,
175117,1095,1.27,built_in,
175117,1098,0.118,built_in,
175117,1100,0,built_in,
175117,1101,0.04,built_in,
175117,1103,46.8,built_in,
175117,1104,120,built_in,
175117,1110,214,built_in,
175117,1109,1.37,built_in,
175117,1165,0.112,built_in,
175117,1166,0.299,built_in,
175117,1167,4.124,built_in,
175117,1170,0.74,built_in,
175117,1171,0,built_in,
175117,1178,13.14,built_in,
175117,1180,83.3,built_in,
175117,1186,0,built_in,
175117,1210,0.258,built_in,
175117,1211,1.01,built_in,
175117,1212,1.061,built_in,
175117,1213,1.872,built_in,
175117,1214,2.115,built_in,
175117,1215,0.682,built_in,
175117,1216,0.247,built_in,
175117,1217,0.899,built_in,
175117,1218,0.778,built_in,
175117,1219,1.187,built_in,
175117,1220,1.378,built_in,
175117,1221,0.678,built_in,
175117,1269,0.167,built_in,
175117,1270,0.132,built_in,
175117,1272,1.105,built_in,
175117,1278,0.909,built_in,
175117,1316,0,built_in,
175117,1404,0,built_in,
175120,1003,23.85,built_in,
175120,1004,17.81,built_in,
175120,1005,0,built_in,
175120,1008,262,built_in,
175120,1051,53.27,built_in,
175120,1079,0,built_in,
175120,1087,15,built_in,
175120,1088,0,built_in,
175120,1089,1.57,built_in,
175120,1090,97,built_in,
175120,1091,278,built_in,
175120,1092,401,built_in,
175120,1093,83,built_in,
175120,1095,0.94,built_in,
175120,1098,0.094,built_in,
175120,1100,0,built_in,
175120,1101,0.02,built_in,
175120,1103,51.6,built_in,
175120,1104,180,built_in,
175120,1110,0,built_in,
175120,1109,0,built_in,
175120,1165,0.159,built_in,
175120,1166,0.412,built_in,
175120,1167,6.85,built_in,
175120,1170,0.99,built_in,
175120,1171,0,built_in,
175120,1178,19,built_in,
175120,1180,0,built_in,
175120,1186,0,built_in,
175120,1210,0.267,built_in,
175120,1211,1.045,built_in,
175120,1212,1.099,built_in,
175120,1213,1.938,built_in,
175120,1214,2.19,built_in,
175120,1215,0.706,built_in,
175120,1216,0.256,built_in,
175120,1217,0.931,built_in,
175120,1218,0.805,built_in,
175120,1219,1.228,built_in,
175120,1220,1.427,built_in,
175120,1221,0.702,built_in,
175120,1269,0.147,built_in,
175120,1270,0.113,built_in,
175120,1272,0.699,built_in,
175120,1278,0.504,built_in,
175120,1316,0,built_in,
175120,1404,0,built_in,
175168,1003,22.1,built_in,
175168,1004,12.35,built_in,
175168,1005,0,built_in,
175168,1008,206,built_in,
175168,1051,64.75,built_in,
175168,1079,0,built_in,
175168,1087,15,built_in,
175168,1088,0,built_in,
175168,1089,0.34,built_in,
175168,1090,30,built_in,
175168,1091,252,built_in,
175168,1092,384,built_in,
175168,1093,61,built_in,
175168,1095,0.43,built_in,
175168,1098,0.049,built_in,
175168,1100,0,built_in,
175168,1101,0.016,built_in,
175168,1103,41.4,built_in,
175168,1104,230,built_in,
175168,1110,526,built_in,
175168,1109,1.14,built_in,
175168,1165,0.34,built_in,
175168,1166,0.135,built_in,
175168,1167,8.045,built_in,
175168,1170,1.475,built_in,
175168,1171,0,built_in,
175168,1178,2.8,built_in,
175168,1180,90.5,built_in,
175168,1186,0,built_in,
175168,1210,0.248,built_in,
175168,1211,0.969,built_in,
175168,1212,1.018,built_in,
175168,1213,1.796,built_in,
175168,1214,2.03,built_in,
175168,1215,0.654,built_in,
175168,1216,0.237,built_in,
175168,1217,0.863,built_in,
175168,1218,0.746,built_in,
175168,1219,1.139,built_in,
175168,1220,1.322,built_in,
175168,1221,0.651,built_in,
175168,1269,0.666,built_in,
175168,1270,0.113,built_in,
175168,1272,1.457,built_in,
175168,1278,0.69,built_in,
175168,1316,0,built_in,
175168,1404,0,built_in,
175178,1003,20.42,built_in,
175178,1004,0.25,built_in,
175178,1005,0,built_in,
175178,1008,84,built_in,
175178,1051,78.37,built_in,
175178,1079,0,built_in,
175178,1087,17,built_in,
175178,1088,0,built_in,
175178,1089,0.16,built_in,
175178,1090,35,built_in,
175178,1091,205,built_in,
175178,1092,372,built_in,
175178,1093,134,built_in,
175178,1095,0.43,built_in,
175178,1098,0.019,built_in,
175178,1100,0,built_in,
175178,1101,0.012,built_in,
175178,1103,0,built_in,
175178,1104,0,built_in,
175178,1110,0,built_in,
175178,1109,0,built_in,
175178,1165,0,built_in,
175178,1166,0,built_in,
175178,1167,0,built_in,
175178,1170,0,built_in,
175178,1171,0,built_in,
175178,1178,0,built_in,
175178,1180,0,built_in,
175178,1186,0,built_in,
175178,1210,0,built_in,
175178,1211,0,built_in,
175178,1212,0,built_in,
175178,1213,0,built_in,
175178,1214,0,built_in,
175178,1215,0,built_in,
175178,1216,0,built_in,
175178,1217,0,built_in,
175178,1218,0,built_in,
175178,1219,0,built_in,
175178,1220,0,built_in,
175178,1221,0,built_in,
175178,1269,0.009,built_in,
175178,1270,0,built_in,
175178,1272,0.059,built_in,
175178,1278,0.021,built_in,
175178,1316,0.009,built_in,
175178,1404,0,built_in,
175180,1003,23.98,built_in,
175180,1004,0.28,built_in,
175180,1005,0.2,built_in,
175180,1008,99,built_in,
175180,1051,74.33,built_in,
175180,1079,0,built_in,
175180,1087,70,built_in,
175180,1088,0,built_in,
175180,1089,0.51,built_in,
175180,1090,39,built_in,
175180,1091,237,built_in,
175180,1092,259,built_in,
175180,1093,111,built_in,
175180,1095,1.64,built_in,
175180,1098,0.379,built_in,
175180,1100,0,built_in,
175180,1101,0.033,built_in,
175180,1103,0,built_in,
175180,1104,0,built_in,
175180,1110,0,built_in,
175180,1109,0,built_in,
175180,1165,0,built_in,
175180,1166,0,built_in,
175180,1167,0,built_in,
175180,1170,0,built_in,
175180,1171,0,built_in,
175180,1178,0,built_in,
175180,1180,0,built_in,
175180,1186,0,built_in,
175180,1210,0,built_in,
175180,1211,0,built_in,
175180,1212,0,built_in,
175180,1213,0,built_in,
175180,1214,0,built_in,
175180,1215,0,built_in,
175180,1216,0,built_in,
175180,1217,0,built_in,
175180,1218,0,built_in,
175180,1219,0,built_in,
175180,1220,0,built_in,
175180,1221,0,built_in,
175180,1269,0.018,built_in,
175180,1270,0.001,built_in,
175180,1272,0.015,built_in,
175180,1278,0.015,built_in,
175180,1316,0.018,built_in,
175180,1404,0.001,built_in,
